sa2_code,median_weekly_household_income,median_monthly_mortgage_repayment,median_weekly_rent,household_count
101021007,1848.0,2341.0,537.0,1703.0
101021008,1603.0,2049.0,469.0,3340.0
101021009,1164.0,1525.0,347.0,4448.0
101021010,1330.0,1723.0,393.0,1994.0
101021012,2321.0,2905.0,668.0,4998.0
101021610,2395.0,2994.0,689.0,2441.0
101021611,2372.0,2966.0,682.0,6486.0
101031013,1386.0,1790.0,409.0,962.0
101031014,1300.0,1687.0,385.0,2651.0
101031015,2125.0,2672.0,614.0,1362.0
101031016,1748.0,2222.0,509.0,3151.0
101041017,1240.0,1616.0,368.0,3365.0
101041018,1471.0,1891.0,432.0,3505.0
101041019,1386.0,1790.0,409.0,3479.0
101041020,1669.0,2128.0,487.0,3748.0
101041021,1709.0,2176.0,498.0,1487.0
101041022,1499.0,1925.0,440.0,17.0
101041023,1079.0,1423.0,323.0,1343.0
101041024,1679.0,2139.0,490.0,1382.0
101041025,1563.0,2001.0,458.0,4515.0
101041026,1515.0,1943.0,444.0,3373.0
101041027,1386.0,1790.0,409.0,3878.0
101051539,1300.0,1687.0,385.0,9633.0
101051540,1965.0,2481.0,569.0,5427.0
101061541,1829.0,2319.0,532.0,2652.0
101061542,2360.0,2952.0,679.0,4985.0
101061543,1240.0,1616.0,368.0,4315.0
101061544,1532.0,1964.0,449.0,3011.0
102011028,2300.0,2880.0,662.0,2946.0
102011029,2172.0,2727.0,627.0,4330.0
102011030,2031.0,2560.0,588.0,1849.0
102011031,2006.0,2530.0,581.0,5787.0
102011032,1125.0,1478.0,336.0,8315.0
102011033,2053.0,2586.0,594.0,2543.0
102011034,1779.0,2259.0,518.0,2986.0
102011035,1999.0,2521.0,579.0,2807.0
102011036,2096.0,2638.0,606.0,3218.0
102011037,1758.0,2233.0,512.0,2577.0
102011038,2085.0,2624.0,603.0,2808.0
102011039,2194.0,2754.0,633.0,5823.0
102011040,1312.0,1701.0,388.0,9685.0
102011041,2282.0,2859.0,657.0,4186.0
102011042,1102.0,1451.0,330.0,5626.0
102011043,1471.0,1891.0,432.0,4480.0
102021044,1638.0,2091.0,479.0,8951.0
102021045,1396.0,1802.0,411.0,4427.0
102021046,1348.0,1745.0,398.0,3815.0
102021047,1965.0,2481.0,569.0,6277.0
102021048,1151.0,1509.0,343.0,8769.0
102021049,2361.0,2954.0,679.0,1341.0
102021050,1414.0,1824.0,417.0,4298.0
102021051,2108.0,2651.0,609.0,1933.0
102021052,1758.0,2233.0,512.0,2546.0
102021053,1074.0,1417.0,322.0,6211.0
102021054,1190.0,1556.0,354.0,3886.0
102021055,1838.0,2330.0,534.0,2051.0
102021056,2045.0,2576.0,591.0,7863.0
102021057,1050.0,1388.0,315.0,3576.0
103011059,1788.0,2270.0,520.0,4835.0
103011060,2211.0,2774.0,637.0,2709.0
103011061,1515.0,1943.0,444.0,1896.0
103011612,952.0,1272.0,288.0,4216.0
103011613,1796.0,2279.0,522.0,5613.0
103021062,1234.0,1608.0,366.0,2499.0
103021063,1060.0,1401.0,318.0,3636.0
103021064,1592.0,2035.0,466.0,2242.0
103021065,1414.0,1824.0,417.0,3929.0
103021066,1405.0,1813.0,414.0,1411.0
103021067,1229.0,1603.0,365.0,4282.0
103021068,1371.0,1772.0,405.0,1279.0
103021069,1615.0,2063.0,472.0,2167.0
103031070,1044.0,1381.0,314.0,4857.0
103031071,1718.0,2186.0,501.0,3313.0
103031072,1582.0,2023.0,463.0,4927.0
103031073,1060.0,1401.0,318.0,1333.0
103031074,1829.0,2319.0,532.0,4342.0
103041076,1788.0,2270.0,520.0,2948.0
103041077,1119.0,1471.0,335.0,7460.0
103041078,1901.0,2404.0,551.0,8978.0
103041079,2145.0,2695.0,619.0,4639.0
104011080,1050.0,1388.0,315.0,7551.0
104011081,1582.0,2023.0,463.0,6618.0
104011082,1396.0,1802.0,411.0,6876.0
104021083,1479.0,1901.0,435.0,2419.0
104021084,1170.0,1532.0,349.0,7098.0
104021085,1070.0,1412.0,321.0,4433.0
104021086,2061.0,2595.0,596.0,1549.0
104021087,1274.0,1656.0,378.0,1275.0
104021088,2131.0,2679.0,615.0,4024.0
104021089,1461.0,1879.0,429.0,7869.0
104021090,1396.0,1802.0,411.0,1924.0
104021091,1489.0,1912.0,437.0,5672.0
105011092,974.0,1298.0,294.0,1344.0
105011093,1396.0,1802.0,411.0,1619.0
105011094,1086.0,1431.0,325.0,1540.0
105011095,1342.0,1737.0,396.0,1800.0
105011096,959.0,1280.0,290.0,2170.0
105021097,1037.0,1374.0,312.0,6897.0
105021098,1002.0,1332.0,302.0,897.0
105031099,1190.0,1556.0,354.0,3106.0
105031100,1471.0,1891.0,432.0,4170.0
105031101,1405.0,1813.0,414.0,7697.0
105031102,1507.0,1934.0,442.0,4046.0
105031103,2223.0,2789.0,641.0,2338.0
105031104,1250.0,1627.0,371.0,1725.0
105031105,1434.0,1847.0,422.0,2533.0
105031106,1183.0,1548.0,352.0,3439.0
106011107,2096.0,2638.0,606.0,5008.0
106011108,1114.0,1465.0,333.0,9214.0
106011109,2053.0,2586.0,594.0,3586.0
106011110,1952.0,2466.0,566.0,3742.0
106011111,1358.0,1757.0,401.0,8091.0
106011112,1679.0,2139.0,490.0,6674.0
106011113,2102.0,2644.0,607.0,2091.0
106021114,1718.0,2186.0,501.0,3377.0
106021116,2259.0,2832.0,651.0,3422.0
106021614,1507.0,1934.0,442.0,7051.0
106021615,1838.0,2330.0,534.0,6953.0
106021616,1199.0,1567.0,357.0,3128.0
106021617,1421.0,1832.0,418.0,3957.0
106021618,2125.0,2672.0,614.0,6235.0
106031119,1769.0,2246.0,515.0,2529.0
106031120,1324.0,1716.0,392.0,2701.0
106031121,1552.0,1987.0,455.0,8616.0
106031122,1108.0,1458.0,332.0,5721.0
106031123,2348.0,2938.0,676.0,2233.0
106031124,1543.0,1977.0,452.0,2276.0
106031125,1965.0,2481.0,569.0,5890.0
106041126,1207.0,1576.0,359.0,4813.0
106041127,1880.0,2379.0,546.0,1601.0
106041128,1592.0,2035.0,466.0,2367.0
106041129,1603.0,2049.0,469.0,3213.0
107011131,1479.0,1901.0,435.0,9488.0
107011132,2259.0,2832.0,651.0,4767.0
107011134,1857.0,2352.0,539.0,5992.0
107011545,1065.0,1407.0,320.0,5569.0
107011546,949.0,1268.0,287.0,3820.0
107011547,1207.0,1576.0,359.0,1662.0
107031136,2167.0,2722.0,625.0,7461.0
107031137,1324.0,1716.0,392.0,2714.0
107031138,1926.0,2434.0,558.0,3445.0
107031139,2223.0,2789.0,641.0,2378.0
107031140,2176.0,2733.0,628.0,3191.0
107031141,2162.0,2716.0,624.0,7585.0
107031142,1603.0,2049.0,469.0,4153.0
107031143,1065.0,1407.0,320.0,7999.0
107041144,1507.0,1934.0,442.0,8439.0
107041145,1180.0,1543.0,351.0,6291.0
107041146,1788.0,2270.0,520.0,8931.0
107041147,2300.0,2880.0,662.0,3582.0
107041148,2244.0,2813.0,647.0,4689.0
107041150,1893.0,2394.0,549.0,8142.0
107041548,998.0,1327.0,301.0,6282.0
107041549,1079.0,1423.0,323.0,6491.0
108011151,1489.0,1912.0,437.0,2053.0
108011152,1250.0,1627.0,371.0,5768.0
108011153,1657.0,2114.0,484.0,2740.0
108011154,1013.0,1345.0,305.0,2500.0
108021155,1009.0,1340.0,304.0,6139.0
108021156,1405.0,1813.0,414.0,3715.0
108021157,1190.0,1556.0,354.0,2035.0
108021158,974.0,1298.0,294.0,2789.0
108021159,1471.0,1891.0,432.0,3177.0
108021160,1336.0,1730.0,395.0,2207.0
108031161,1396.0,1802.0,411.0,175.0
108041162,1543.0,1977.0,452.0,7249.0
108041164,1281.0,1665.0,380.0,8293.0
108041165,1803.0,2288.0,525.0,2079.0
108041166,1625.0,2075.0,475.0,5018.0
108041619,1405.0,1813.0,414.0,4613.0
108041620,1758.0,2233.0,512.0,6778.0
108051167,1336.0,1730.0,395.0,2082.0
108051168,1686.0,2148.0,492.0,4893.0
108051169,1013.0,1345.0,305.0,8284.0
108051170,1515.0,1943.0,444.0,5115.0
108051171,1151.0,1509.0,343.0,2116.0
109011172,1821.0,2308.0,529.0,6993.0
109011173,1086.0,1431.0,325.0,4128.0
109011174,1159.0,1519.0,346.0,4125.0
109011175,1914.0,2420.0,555.0,4905.0
109011176,993.0,1320.0,300.0,6143.0
109021177,1199.0,1567.0,357.0,1136.0
109021178,1461.0,1879.0,429.0,2553.0
109021179,1396.0,1802.0,411.0,1431.0
109031180,1223.0,1595.0,363.0,2194.0
109031181,1552.0,1987.0,455.0,2848.0
109031182,1229.0,1603.0,365.0,2760.0
109031183,1646.0,2100.0,481.0,2681.0
109031184,1812.0,2298.0,527.0,2718.0
109031185,1379.0,1781.0,407.0,3835.0
110011186,1164.0,1525.0,347.0,9399.0
110011187,1515.0,1943.0,444.0,1775.0
110011188,1718.0,2186.0,501.0,2311.0
110011189,1615.0,2063.0,472.0,1233.0
110021190,1070.0,1412.0,321.0,3502.0
110021191,1108.0,1458.0,332.0,4728.0
110021192,1291.0,1676.0,382.0,2039.0
110021193,1449.0,1865.0,426.0,2249.0
110021194,1102.0,1451.0,330.0,2671.0
110031195,1054.0,1394.0,317.0,3076.0
110031196,1471.0,1891.0,432.0,2100.0
110031197,1324.0,1716.0,392.0,2705.0
110031198,1507.0,1934.0,442.0,1810.0
110041199,1348.0,1745.0,398.0,3822.0
110041200,1769.0,2246.0,515.0,1713.0
110041201,1199.0,1567.0,357.0,2961.0
110041202,1260.0,1639.0,374.0,8376.0
110041203,1336.0,1730.0,395.0,6477.0
110041204,938.0,1255.0,284.0,2352.0
110041205,1866.0,2363.0,542.0,7466.0
111011206,1669.0,2128.0,487.0,7005.0
111011207,1214.0,1585.0,361.0,2227.0
111011208,1686.0,2148.0,492.0,9904.0
111011209,1738.0,2210.0,506.0,9642.0
111011210,959.0,1280.0,290.0,3727.0
111011211,2072.0,2608.0,599.0,1484.0
111011212,1718.0,2186.0,501.0,4925.0
111011213,2244.0,2813.0,647.0,4929.0
111011214,1796.0,2279.0,522.0,5762.0
111021215,1449.0,1865.0,426.0,3975.0
111021216,1701.0,2166.0,496.0,3800.0
111021217,1982.0,2501.0,574.0,6422.0
111021218,1657.0,2114.0,484.0,7109.0
111021219,1428.0,1840.0,420.0,5475.0
111021220,1901.0,2404.0,551.0,3713.0
111021221,1848.0,2341.0,537.0,2845.0
111031222,1857.0,2352.0,539.0,6510.0
111031223,1086.0,1431.0,325.0,3357.0
111031224,1199.0,1567.0,357.0,5009.0
111031225,1632.0,2084.0,477.0,6801.0
111031226,2045.0,2576.0,591.0,6443.0
111031227,1151.0,1509.0,343.0,6089.0
111031228,1965.0,2481.0,569.0,5689.0
111031229,1164.0,1525.0,347.0,5022.0
111031230,1893.0,2394.0,549.0,12.0
111031231,931.0,1246.0,282.0,4938.0
111031232,1657.0,2114.0,484.0,3460.0
111031233,1281.0,1665.0,380.0,8219.0
111031234,1125.0,1478.0,336.0,5052.0
111031235,1300.0,1687.0,385.0,3596.0
112011236,1214.0,1585.0,361.0,7305.0
112011237,1941.0,2452.0,563.0,7187.0
112011238,2167.0,2722.0,625.0,2729.0
112011239,1543.0,1977.0,452.0,3596.0
112011240,1532.0,1964.0,449.0,4280.0
112011241,1281.0,1665.0,380.0,2213.0
112011242,2176.0,2733.0,628.0,3622.0
112011243,1532.0,1964.0,449.0,3489.0
112021244,1102.0,1451.0,330.0,4823.0
112021245,1582.0,2023.0,463.0,2895.0
112021246,1330.0,1723.0,393.0,5330.0
112021247,1223.0,1595.0,363.0,2985.0
112021248,998.0,1327.0,301.0,5972.0
112021249,1886.0,2387.0,548.0,6191.0
112031250,1857.0,2352.0,539.0,5811.0
112031251,1223.0,1595.0,363.0,3726.0
112031252,1769.0,2246.0,515.0,4060.0
112031253,1848.0,2341.0,537.0,5524.0
112031254,1291.0,1676.0,382.0,8064.0
112031550,1615.0,2063.0,472.0,6400.0
112031551,2318.0,2903.0,667.0,1304.0
112031552,1042.0,1379.0,313.0,3303.0
113011256,1312.0,1701.0,388.0,8066.0
113011257,1748.0,2222.0,509.0,5004.0
113011258,1405.0,1813.0,414.0,4051.0
113011259,1207.0,1576.0,359.0,2316.0
113021260,1563.0,2001.0,458.0,1381.0
113021261,1125.0,1478.0,336.0,2615.0
113021262,1709.0,2176.0,498.0,1860.0
113031263,1223.0,1595.0,363.0,3022.0
113031264,1489.0,1912.0,437.0,1457.0
113031265,1379.0,1781.0,407.0,2491.0
113031266,1371.0,1772.0,405.0,2589.0
113031267,1718.0,2186.0,501.0,6636.0
113031268,1874.0,2372.0,544.0,2198.0
113031269,1348.0,1745.0,398.0,8832.0
113031270,971.0,1295.0,294.0,4691.0
113031271,2006.0,2530.0,581.0,6976.0
114011272,1999.0,2521.0,579.0,3721.0
114011273,1679.0,2139.0,490.0,1428.0
114011274,1471.0,1891.0,432.0,2002.0
114011275,2337.0,2925.0,672.0,24.0
114011276,1821.0,2308.0,529.0,1900.0
114011277,1563.0,2001.0,458.0,6313.0
114011278,1190.0,1556.0,354.0,8856.0
114011279,1386.0,1790.0,409.0,5984.0
114011280,1291.0,1676.0,382.0,1841.0
114011281,2211.0,2774.0,637.0,1454.0
114011282,1543.0,1977.0,452.0,6677.0
114011283,1709.0,2176.0,498.0,2283.0
114021284,2096.0,2638.0,606.0,5344.0
114021285,2162.0,2716.0,624.0,2507.0
114021286,1914.0,2420.0,555.0,4287.0
114021287,1893.0,2394.0,549.0,4176.0
114021288,2248.0,2819.0,648.0,1502.0
114021289,2152.0,2704.0,621.0,2843.0
115011290,2167.0,2722.0,625.0,9696.0
115011291,2367.0,2960.0,681.0,8503.0
115011294,2386.0,2983.0,686.0,2495.0
115011296,2393.0,2992.0,688.0,4974.0
115011553,2131.0,2679.0,615.0,3011.0
115011554,2199.0,2760.0,634.0,2224.0
115011555,2348.0,2938.0,676.0,4780.0
115011556,2229.0,2796.0,643.0,4086.0
115011557,2394.0,2993.0,688.0,2033.0
115011558,2369.0,2963.0,682.0,7483.0
115011621,2391.0,2989.0,687.0,6945.0
115011622,2376.0,2971.0,683.0,4461.0
115021297,2367.0,2960.0,681.0,8815.0
115021298,2357.0,2948.0,678.0,2132.0
115031299,2156.0,2709.0,622.0,1116.0
115031300,2323.0,2908.0,669.0,8691.0
115041301,2323.0,2908.0,669.0,4476.0
115041623,2400.0,3000.0,690.0,4034.0
115041624,2396.0,2995.0,689.0,6824.0
115041625,2390.0,2988.0,687.0,6895.0
116011303,1074.0,1417.0,322.0,6679.0
116011304,1300.0,1687.0,385.0,8072.0
116011306,1592.0,2035.0,466.0,9170.0
116011307,1701.0,2166.0,496.0,9950.0
116011560,1396.0,1802.0,411.0,4959.0
116011561,1358.0,1757.0,401.0,6722.0
116011626,1646.0,2100.0,481.0,5830.0
116011627,1358.0,1757.0,401.0,4540.0
116021309,2376.0,2971.0,683.0,6207.0
116021562,2327.0,2913.0,670.0,1438.0
116021563,2085.0,2624.0,603.0,9675.0
116021628,2388.0,2986.0,687.0,8258.0
116021629,2393.0,2992.0,688.0,6088.0
116021630,2080.0,2618.0,601.0,5429.0
116021631,2396.0,2995.0,689.0,3926.0
116021632,2327.0,2913.0,670.0,9855.0
116021633,2365.0,2958.0,680.0,5111.0
116031313,899.0,1208.0,274.0,7269.0
116031314,1679.0,2139.0,490.0,3284.0
116031315,1838.0,2330.0,534.0,8398.0
116031316,988.0,1315.0,298.0,8451.0
116031317,979.0,1304.0,296.0,8987.0
116031319,1686.0,2148.0,492.0,8951.0
117011320,1421.0,1832.0,418.0,199.0
117011321,1857.0,2352.0,539.0,5082.0
117011323,1190.0,1556.0,354.0,5789.0
117011634,1040.0,1377.0,313.0,3506.0
117011635,1114.0,1465.0,333.0,8460.0
117021327,1421.0,1832.0,418.0,7803.0
117021328,1729.0,2199.0,504.0,3246.0
117021636,1471.0,1891.0,432.0,4830.0
117021637,1190.0,1556.0,354.0,5601.0
117031329,984.0,1310.0,297.0,4163.0
117031330,1461.0,1879.0,429.0,7500.0
117031331,984.0,1310.0,297.0,7946.0
117031333,922.0,1236.0,280.0,7132.0
117031336,931.0,1246.0,282.0,6207.0
117031638,1175.0,1538.0,350.0,3267.0
117031639,875.0,1180.0,267.0,3060.0
117031640,1108.0,1458.0,332.0,5752.0
117031641,1035.0,1370.0,311.0,4964.0
117031642,925.0,1240.0,281.0,5361.0
117031643,1441.0,1855.0,424.0,4820.0
117031644,956.0,1276.0,289.0,3139.0
117031645,872.0,1176.0,266.0,7818.0
117031646,876.0,1181.0,267.0,2906.0
117031647,891.0,1200.0,272.0,6423.0
117031648,1002.0,1332.0,302.0,4950.0
118011339,1669.0,2128.0,487.0,7473.0
118011340,1507.0,1934.0,442.0,8120.0
118011341,1543.0,1977.0,452.0,6949.0
118011344,2145.0,2695.0,619.0,4362.0
118011345,1625.0,2075.0,475.0,5801.0
118011346,2267.0,2841.0,653.0,4676.0
118011347,1914.0,2420.0,555.0,2923.0
118011649,2125.0,2672.0,614.0,5658.0
118011650,1489.0,1912.0,437.0,3905.0
118021564,1324.0,1716.0,392.0,4631.0
118021565,1135.0,1490.0,339.0,5335.0
118021566,2021.0,2547.0,585.0,3839.0
118021567,1164.0,1525.0,347.0,4347.0
118021568,1552.0,1987.0,455.0,3861.0
118021569,1582.0,2023.0,463.0,6355.0
118021570,1449.0,1865.0,426.0,4994.0
118021651,1788.0,2270.0,520.0,7655.0
118021652,1848.0,2341.0,537.0,4161.0
118021653,1788.0,2270.0,520.0,5260.0
118021654,1532.0,1964.0,449.0,2200.0
119011354,1260.0,1639.0,374.0,9355.0
119011355,1821.0,2308.0,529.0,576.0
119011356,1449.0,1865.0,426.0,5009.0
119011358,1748.0,2222.0,509.0,6745.0
119011360,1592.0,2035.0,466.0,6927.0
119011361,1130.0,1484.0,338.0,8817.0
119011571,933.0,1249.0,283.0,6659.0
119011572,940.0,1258.0,285.0,7229.0
119011655,1175.0,1538.0,350.0,5740.0
119011656,1274.0,1656.0,378.0,5261.0
119011657,1999.0,2521.0,579.0,4447.0
119011658,2045.0,2576.0,591.0,6272.0
119021362,1175.0,1538.0,350.0,7973.0
119021366,1027.0,1361.0,309.0,8449.0
119021367,1552.0,1987.0,455.0,5716.0
119021573,888.0,1195.0,271.0,6703.0
119021574,908.0,1219.0,276.0,3975.0
119021659,956.0,1276.0,289.0,4669.0
119021660,890.0,1198.0,271.0,3553.0
119021661,1291.0,1676.0,382.0,4792.0
119021662,1999.0,2521.0,579.0,7047.0
119021663,1788.0,2270.0,520.0,2455.0
119031370,1300.0,1687.0,385.0,5408.0
119031371,2217.0,2782.0,639.0,4939.0
119031372,2067.0,2602.0,598.0,7929.0
119031373,916.0,1229.0,278.0,4551.0
119031374,1693.0,2156.0,494.0,9905.0
119031664,918.0,1231.0,279.0,4724.0
119031665,1582.0,2023.0,463.0,4749.0
119031666,1933.0,2443.0,560.0,5771.0
119031667,1229.0,1603.0,365.0,3736.0
119041377,1748.0,2222.0,509.0,5087.0
119041378,1125.0,1478.0,336.0,5118.0
119041379,1499.0,1925.0,440.0,6353.0
119041380,1449.0,1865.0,426.0,5449.0
119041381,1086.0,1431.0,325.0,7785.0
119041382,1686.0,2148.0,492.0,6533.0
119041668,1371.0,1772.0,405.0,6502.0
119041669,1788.0,2270.0,520.0,3978.0
119041670,1306.0,1694.0,386.0,6208.0
119041671,965.0,1288.0,292.0,4208.0
120011383,2025.0,2553.0,586.0,9064.0
120011385,2076.0,2614.0,600.0,7202.0
120011386,1812.0,2298.0,527.0,8209.0
120011672,1779.0,2259.0,518.0,5036.0
120011673,1159.0,1519.0,346.0,4491.0
120021387,1933.0,2443.0,560.0,6109.0
120021389,2013.0,2538.0,583.0,5421.0
120021674,1838.0,2330.0,534.0,3711.0
120021675,1866.0,2363.0,542.0,6875.0
120031392,1563.0,2001.0,458.0,4705.0
120031393,1657.0,2114.0,484.0,6837.0
120031394,1371.0,1772.0,405.0,7038.0
120031395,1886.0,2387.0,548.0,5302.0
120031396,1009.0,1340.0,304.0,8165.0
120031576,1748.0,2222.0,509.0,1426.0
120031676,1002.0,1332.0,302.0,4493.0
120031677,1159.0,1519.0,346.0,4802.0
120031678,896.0,1205.0,273.0,6252.0
120031679,1657.0,2114.0,484.0,4311.0
120031680,936.0,1252.0,284.0,6439.0
120031681,2270.0,2845.0,654.0,3629.0
121011399,1880.0,2379.0,546.0,8351.0
121011401,1507.0,1934.0,442.0,4668.0
121011682,1434.0,1847.0,422.0,3689.0
121011683,2383.0,2979.0,685.0,5271.0
121011684,1207.0,1576.0,359.0,7687.0
121011685,2339.0,2927.0,673.0,5070.0
121011686,2038.0,2568.0,590.0,6231.0
121011687,2189.0,2748.0,631.0,5096.0
121021403,2244.0,2813.0,647.0,8650.0
121021404,2334.0,2921.0,672.0,4624.0
121021406,2316.0,2899.0,667.0,7513.0
121021577,1054.0,1394.0,317.0,4684.0
121021578,2091.0,2631.0,604.0,4168.0
121021579,1461.0,1879.0,429.0,4658.0
121031407,2199.0,2760.0,634.0,8797.0
121031408,2307.0,2889.0,664.0,9647.0
121031409,2379.0,2975.0,684.0,6753.0
121031410,2364.0,2958.0,680.0,8496.0
121031411,2357.0,2948.0,678.0,7942.0
121031412,2378.0,2974.0,684.0,7134.0
121041413,1812.0,2298.0,527.0,7414.0
121041414,1515.0,1943.0,444.0,7026.0
121041416,1291.0,1676.0,382.0,6738.0
121041417,1240.0,1616.0,368.0,4879.0
121041688,2072.0,2608.0,599.0,5397.0
121041689,2162.0,2716.0,624.0,5712.0
122011418,2361.0,2954.0,679.0,8130.0
122011419,1788.0,2270.0,520.0,8799.0
122021420,2342.0,2931.0,674.0,5118.0
122021421,2351.0,2942.0,676.0,4409.0
122021422,2337.0,2925.0,672.0,5365.0
122021690,2229.0,2796.0,643.0,5739.0
122021691,2327.0,2913.0,670.0,4264.0
122031424,2211.0,2774.0,637.0,5705.0
122031425,2334.0,2921.0,672.0,3155.0
122031427,2345.0,2934.0,675.0,5161.0
122031429,2116.0,2660.0,611.0,8560.0
122031430,2292.0,2871.0,660.0,6882.0
122031432,2373.0,2968.0,683.0,1485.0
122031692,2376.0,2971.0,683.0,3393.0
122031693,2270.0,2845.0,654.0,5482.0
122031694,2172.0,2727.0,627.0,3575.0
122031695,1330.0,1723.0,393.0,6987.0
122031696,2389.0,2987.0,687.0,6735.0
122031697,1933.0,2443.0,560.0,4408.0
123011433,2136.0,2685.0,617.0,5214.0
123011698,2061.0,2595.0,596.0,2527.0
123011699,2223.0,2789.0,641.0,5498.0
123011700,2392.0,2990.0,688.0,4408.0
123011701,2248.0,2819.0,648.0,7467.0
123011702,2300.0,2880.0,662.0,3741.0
123021436,1207.0,1576.0,359.0,7847.0
123021437,1267.0,1648.0,376.0,8660.0
123021438,1515.0,1943.0,444.0,7936.0
123021441,1421.0,1832.0,418.0,6560.0
123021443,1428.0,1840.0,420.0,8367.0
123021444,1461.0,1879.0,429.0,8296.0
123021703,2342.0,2931.0,674.0,5831.0
123021704,1669.0,2128.0,487.0,4132.0
123021705,1396.0,1802.0,411.0,6557.0
123021706,971.0,1295.0,294.0,5568.0
123031445,2091.0,2631.0,604.0,2327.0
123031446,2363.0,2956.0,680.0,4358.0
123031447,2053.0,2586.0,594.0,7446.0
123031448,2334.0,2921.0,672.0,3846.0
124011449,1489.0,1912.0,437.0,2260.0
124011450,2211.0,2774.0,637.0,7448.0
124011452,1267.0,1648.0,376.0,5235.0
124011453,1901.0,2404.0,551.0,4488.0
124011454,2145.0,2695.0,619.0,8613.0
124011455,1848.0,2341.0,537.0,2521.0
124031457,1686.0,2148.0,492.0,6276.0
124031459,2085.0,2624.0,603.0,5456.0
124031460,2254.0,2826.0,650.0,8236.0
124031461,1615.0,2063.0,472.0,6795.0
124031462,1379.0,1781.0,407.0,9657.0
124031463,2376.0,2971.0,683.0,4722.0
124031464,945.0,1264.0,286.0,7045.0
124031465,2351.0,2942.0,676.0,2363.0
124031707,1901.0,2404.0,551.0,6678.0
124031708,2285.0,2862.0,658.0,5250.0
124041466,1563.0,2001.0,458.0,5976.0
124041467,1532.0,1964.0,449.0,5986.0
124041468,2226.0,2792.0,642.0,2943.0
124051469,2204.0,2767.0,636.0,2544.0
124051470,1933.0,2443.0,560.0,7820.0
124051580,1223.0,1595.0,363.0,5109.0
124051581,979.0,1304.0,296.0,6794.0
125011582,906.0,1217.0,276.0,7642.0
125011583,879.0,1185.0,268.0,4154.0
125011584,1141.0,1497.0,341.0,3475.0
125011585,1079.0,1423.0,323.0,3376.0
125011586,1214.0,1585.0,361.0,8313.0
125011587,998.0,1327.0,301.0,2015.0
125011709,1893.0,2394.0,549.0,3626.0
125011710,1151.0,1509.0,343.0,8005.0
125021477,1592.0,2035.0,466.0,9663.0
125021478,1657.0,2114.0,484.0,7258.0
125021711,2080.0,2618.0,601.0,4558.0
125021712,1914.0,2420.0,555.0,7549.0
125031479,1074.0,1417.0,322.0,8173.0
125031480,933.0,1249.0,283.0,6173.0
125031481,959.0,1280.0,290.0,9118.0
125031483,929.0,1244.0,282.0,8779.0
125031484,1091.0,1438.0,327.0,8992.0
125031713,1982.0,2501.0,574.0,6527.0
125031714,1013.0,1345.0,305.0,9336.0
125031715,2194.0,2754.0,633.0,4272.0
125031716,1441.0,1855.0,424.0,2865.0
125041489,1035.0,1370.0,311.0,8972.0
125041490,2303.0,2884.0,663.0,3314.0
125041491,1291.0,1676.0,382.0,7951.0
125041493,1701.0,2166.0,496.0,8962.0
125041494,2295.0,2874.0,661.0,4392.0
125041588,1358.0,1757.0,401.0,5466.0
125041589,1086.0,1431.0,325.0,8458.0
125041717,901.0,1211.0,274.0,4730.0
125041718,903.0,1214.0,275.0,3869.0
125041719,916.0,1229.0,278.0,3543.0
126011496,2312.0,2895.0,666.0,8524.0
126011720,1866.0,2363.0,542.0,5649.0
126011721,1788.0,2270.0,520.0,7329.0
126021498,2031.0,2560.0,588.0,6061.0
126021499,2307.0,2889.0,664.0,3860.0
126021500,1135.0,1490.0,339.0,9340.0
126021501,2025.0,2553.0,586.0,6126.0
126021503,1461.0,1879.0,429.0,7883.0
126021590,2373.0,2968.0,683.0,1633.0
126021722,2229.0,2796.0,643.0,2733.0
126021723,1638.0,2091.0,479.0,7441.0
126021724,1632.0,2084.0,477.0,7957.0
126021725,1522.0,1952.0,446.0,4695.0
127011504,887.0,1194.0,270.0,7044.0
127011505,2045.0,2576.0,591.0,4915.0
127011592,1625.0,2075.0,475.0,10.0
127011593,2244.0,2813.0,647.0,2708.0
127011594,1603.0,2049.0,469.0,5066.0
127011595,2021.0,2547.0,585.0,5113.0
127011596,2125.0,2672.0,614.0,5201.0
127011597,2277.0,2853.0,656.0,6743.0
127011726,2348.0,2938.0,676.0,1867.0
127011727,2355.0,2947.0,678.0,5607.0
127011728,2288.0,2866.0,659.0,4925.0
127011729,2270.0,2845.0,654.0,6911.0
127021509,1348.0,1745.0,398.0,6727.0
127021510,1769.0,2246.0,515.0,7722.0
127021511,921.0,1235.0,280.0,9451.0
127021512,1102.0,1451.0,330.0,7156.0
127021513,1005.0,1335.0,303.0,8730.0
127021514,1729.0,2199.0,504.0,4031.0
127021515,908.0,1219.0,276.0,7156.0
127021516,1095.0,1443.0,328.0,8333.0
127021517,1396.0,1802.0,411.0,3473.0
127021518,2297.0,2877.0,661.0,1704.0
127021519,1159.0,1519.0,346.0,7651.0
127021520,1532.0,1964.0,449.0,4391.0
127021521,1625.0,2075.0,475.0,15.0
127031522,1532.0,1964.0,449.0,6504.0
127031523,2102.0,2644.0,607.0,8162.0
127031524,2152.0,2704.0,621.0,8286.0
127031599,928.0,1243.0,282.0,4969.0
127031601,880.0,1186.0,268.0,2328.0
127031730,2323.0,2908.0,669.0,4737.0
127031731,890.0,1198.0,271.0,6877.0
127031732,951.0,1270.0,288.0,5387.0
127031733,2189.0,2748.0,631.0,6154.0
128011529,2282.0,2859.0,657.0,7120.0
128011530,1829.0,2319.0,532.0,8120.0
128011531,2145.0,2695.0,619.0,6443.0
128011602,1657.0,2114.0,484.0,5042.0
128011603,2361.0,2954.0,679.0,5104.0
128011604,1941.0,2452.0,563.0,9558.0
128011605,2399.0,2998.0,690.0,1321.0
128011606,2312.0,2895.0,666.0,3509.0
128021533,2199.0,2760.0,634.0,2617.0
128021534,2386.0,2983.0,686.0,4139.0
128021535,2360.0,2952.0,679.0,8207.0
128021536,2334.0,2921.0,672.0,8652.0
128021537,1625.0,2075.0,475.0,16.0
128021538,1646.0,2100.0,481.0,9113.0
128021607,2259.0,2832.0,651.0,6806.0
128021608,2327.0,2913.0,670.0,2882.0
128021609,2397.0,2997.0,689.0,1388.0
201011001,1926.0,2434.0,558.0,6602.0
201011002,1405.0,1813.0,414.0,4757.0
201011005,2045.0,2576.0,591.0,2847.0
201011006,1657.0,2114.0,484.0,4181.0
201011007,2254.0,2826.0,650.0,1659.0
201011008,1031.0,1366.0,310.0,6013.0
201011481,1070.0,1412.0,321.0,3800.0
201011482,1669.0,2128.0,487.0,5784.0
201011483,1170.0,1532.0,349.0,4794.0
201011484,928.0,1243.0,282.0,5132.0
201021009,1958.0,2472.0,567.0,2572.0
201021010,1532.0,1964.0,449.0,3171.0
201021011,1729.0,2199.0,504.0,3904.0
201021012,2031.0,2560.0,588.0,2499.0
201031013,1306.0,1694.0,386.0,1385.0
201031014,1543.0,1977.0,452.0,1821.0
201031015,1857.0,2352.0,539.0,1919.0
201031016,965.0,1288.0,292.0,3200.0
201031017,1281.0,1665.0,380.0,2167.0
202011018,976.0,1300.0,295.0,5855.0
202011019,1130.0,1484.0,338.0,5078.0
202011020,1300.0,1687.0,385.0,5485.0
202011021,1151.0,1509.0,343.0,3701.0
202011022,1180.0,1543.0,351.0,8252.0
202011023,2254.0,2826.0,650.0,2164.0
202011024,2264.0,2837.0,652.0,4204.0
202011025,1709.0,2176.0,498.0,5665.0
202021026,2254.0,2826.0,650.0,3272.0
202021027,1342.0,1737.0,396.0,4452.0
202021028,1796.0,2279.0,522.0,3618.0
202021029,1499.0,1925.0,440.0,1985.0
202021030,1933.0,2443.0,560.0,4142.0
202021031,2152.0,2704.0,621.0,3117.0
202031032,1803.0,2288.0,525.0,1935.0
202031033,1300.0,1687.0,385.0,2858.0
203011034,2282.0,2859.0,657.0,3041.0
203011035,2183.0,2741.0,630.0,3181.0
203011036,2167.0,2722.0,625.0,2594.0
203021037,1250.0,1627.0,371.0,5889.0
203021039,1214.0,1585.0,361.0,5296.0
203021040,1414.0,1824.0,417.0,8314.0
203021042,2085.0,2624.0,603.0,9425.0
203021043,1965.0,2481.0,569.0,8164.0
203021044,1866.0,2363.0,542.0,5205.0
203021045,1060.0,1401.0,318.0,6064.0
203021046,1914.0,2420.0,555.0,4096.0
203021047,1267.0,1648.0,376.0,6194.0
203021485,1941.0,2452.0,563.0,4039.0
203021486,1005.0,1335.0,303.0,7186.0
203021487,1769.0,2246.0,515.0,9711.0
203021488,881.0,1187.0,269.0,3549.0
203031048,1769.0,2246.0,515.0,6587.0
203031049,1952.0,2466.0,566.0,2445.0
203031051,1532.0,1964.0,449.0,3740.0
203031052,1926.0,2434.0,558.0,2164.0
203031053,2236.0,2804.0,644.0,9650.0
203031489,2125.0,2672.0,614.0,4444.0
203031490,2091.0,2631.0,604.0,7605.0
204011054,1449.0,1865.0,426.0,2678.0
204011055,1386.0,1790.0,409.0,2715.0
204011056,1821.0,2308.0,529.0,6103.0
204011057,1779.0,2259.0,518.0,4124.0
204011058,1592.0,2035.0,466.0,1779.0
204011059,1016.0,1348.0,306.0,2576.0
204011060,2013.0,2538.0,583.0,1822.0
204011061,1214.0,1585.0,361.0,93.0
204011062,1615.0,2063.0,472.0,1640.0
204021063,1190.0,1556.0,354.0,4244.0
204021064,1965.0,2481.0,569.0,1483.0
204021065,1615.0,2063.0,472.0,1587.0
204021066,1240.0,1616.0,368.0,7797.0
204021067,2013.0,2538.0,583.0,3892.0
204031068,1738.0,2210.0,506.0,1955.0
204031069,1701.0,2166.0,496.0,3491.0
204031070,1901.0,2404.0,551.0,1249.0
204031071,1499.0,1925.0,440.0,1861.0
204031072,1657.0,2114.0,484.0,2430.0
204031073,1358.0,1757.0,401.0,6038.0
204031075,2145.0,2695.0,619.0,2047.0
204031491,2156.0,2709.0,622.0,5011.0
204031492,1024.0,1357.0,308.0,5915.0
205011076,1748.0,2222.0,509.0,7754.0
205011077,1926.0,2434.0,558.0,2582.0
205011078,1769.0,2246.0,515.0,3282.0
205011079,1779.0,2259.0,518.0,9040.0
205021081,1234.0,1608.0,366.0,6151.0
205021082,1803.0,2288.0,525.0,3251.0
205021084,1281.0,1665.0,380.0,4378.0
205021085,1108.0,1458.0,332.0,2638.0
205021086,1471.0,1891.0,432.0,2736.0
205031087,1625.0,2075.0,475.0,3704.0
205031088,1199.0,1567.0,357.0,55.0
205031089,1838.0,2330.0,534.0,3860.0
205031090,1638.0,2091.0,479.0,4511.0
205031091,1574.0,2014.0,461.0,5411.0
205031092,1625.0,2075.0,475.0,6.0
205031093,1507.0,1934.0,442.0,10507.0
205041094,1543.0,1977.0,452.0,4671.0
205041095,965.0,1288.0,292.0,6781.0
205041096,903.0,1214.0,275.0,5660.0
205041098,1866.0,2363.0,542.0,1846.0
205041493,1199.0,1567.0,357.0,4706.0
205041494,1543.0,1977.0,452.0,6597.0
205051099,1625.0,2075.0,475.0,9.0
205051100,1686.0,2148.0,492.0,1927.0
205051101,1603.0,2049.0,469.0,5787.0
205051102,1803.0,2288.0,525.0,1933.0
205051103,1267.0,1648.0,376.0,6000.0
205051104,1330.0,1723.0,393.0,2198.0
206011106,1151.0,1509.0,343.0,4995.0
206011107,1183.0,1548.0,352.0,5615.0
206011109,1941.0,2452.0,563.0,4075.0
206011495,1180.0,1543.0,351.0,5055.0
206011496,1159.0,1519.0,346.0,5091.0
206011497,1318.0,1709.0,390.0,4916.0
206011498,1669.0,2128.0,487.0,5502.0
206021110,1646.0,2100.0,481.0,3527.0
206021112,1371.0,1772.0,405.0,7419.0
206021499,1646.0,2100.0,481.0,5909.0
206021500,1592.0,2035.0,466.0,4039.0
206031113,1428.0,1840.0,420.0,5957.0
206031115,909.0,1220.0,276.0,3555.0
206031116,1582.0,2023.0,463.0,6362.0
206031501,1914.0,2420.0,555.0,6291.0
206031502,1563.0,2001.0,458.0,4781.0
206041117,872.0,1177.0,266.0,6531.0
206041118,923.0,1237.0,280.0,6076.0
206041119,1421.0,1832.0,418.0,1920.0
206041120,1348.0,1745.0,398.0,30.0
206041121,1190.0,1556.0,354.0,4214.0
206041124,1020.0,1353.0,307.0,2862.0
206041125,1274.0,1656.0,378.0,2519.0
206041503,874.0,1179.0,267.0,3862.0
206041504,866.0,1169.0,264.0,6616.0
206041505,870.0,1174.0,266.0,6136.0
206041506,894.0,1203.0,272.0,6132.0
206041508,952.0,1272.0,288.0,2535.0
206041509,903.0,1214.0,275.0,6314.0
206041510,936.0,1252.0,284.0,2920.0
206051128,1563.0,2001.0,458.0,6206.0
206051129,1405.0,1813.0,414.0,5811.0
206051130,1507.0,1934.0,442.0,6350.0
206051134,1135.0,1490.0,339.0,6201.0
206051511,1250.0,1627.0,371.0,748.0
206051512,1079.0,1423.0,323.0,4585.0
206051513,991.0,1318.0,299.0,4650.0
206051514,1027.0,1361.0,309.0,5435.0
206061135,1479.0,1901.0,435.0,3661.0
206061136,1135.0,1490.0,339.0,7498.0
206061138,1914.0,2420.0,555.0,5080.0
206061515,993.0,1320.0,300.0,4389.0
206061516,1009.0,1340.0,304.0,3898.0
206071139,1199.0,1567.0,357.0,3564.0
206071140,1330.0,1723.0,393.0,3210.0
206071141,913.0,1225.0,277.0,3600.0
206071142,940.0,1258.0,285.0,4091.0
206071143,1281.0,1665.0,380.0,5012.0
206071145,1838.0,2330.0,534.0,3865.0
206071517,1449.0,1865.0,426.0,6930.0
206071518,945.0,1264.0,286.0,5438.0
207011146,2152.0,2704.0,621.0,3118.0
207011147,1952.0,2466.0,566.0,6338.0
207011148,2194.0,2754.0,633.0,8284.0
207011149,2136.0,2685.0,617.0,8326.0
207011150,2288.0,2866.0,659.0,6600.0
207011152,1729.0,2199.0,504.0,6151.0
207011154,2116.0,2660.0,611.0,2542.0
207011155,2229.0,2796.0,643.0,6253.0
207011519,1603.0,2049.0,469.0,3878.0
207011520,1414.0,1824.0,417.0,4689.0
207011521,2125.0,2672.0,614.0,4549.0
207011522,2031.0,2560.0,588.0,5113.0
207021156,1933.0,2443.0,560.0,4427.0
207021157,1657.0,2114.0,484.0,9731.0
207021159,2267.0,2841.0,653.0,6653.0
207021160,2076.0,2614.0,600.0,5565.0
207021424,2176.0,2733.0,628.0,6146.0
207021425,1701.0,2166.0,496.0,6060.0
207031161,1952.0,2466.0,566.0,8669.0
207031162,1821.0,2308.0,529.0,4290.0
207031163,1065.0,1407.0,320.0,8957.0
207031164,1748.0,2222.0,509.0,7108.0
207031165,1183.0,1548.0,352.0,4838.0
207031166,1686.0,2148.0,492.0,4186.0
207031167,2102.0,2644.0,607.0,3987.0
208011168,2316.0,2899.0,667.0,5498.0
208011169,2172.0,2727.0,627.0,8925.0
208011170,2264.0,2837.0,652.0,6486.0
208011171,2038.0,2568.0,590.0,4878.0
208011172,2085.0,2624.0,603.0,7137.0
208011173,2136.0,2685.0,617.0,6807.0
208021174,1965.0,2481.0,569.0,9763.0
208021176,1358.0,1757.0,401.0,7268.0
208021177,1748.0,2222.0,509.0,8769.0
208021178,2067.0,2602.0,598.0,7088.0
208021179,1729.0,2199.0,504.0,4668.0
208021180,1669.0,2128.0,487.0,2966.0
208021181,1796.0,2279.0,522.0,3674.0
208021182,1543.0,1977.0,452.0,5148.0
208021426,2031.0,2560.0,588.0,6503.0
208021427,2096.0,2638.0,606.0,5513.0
208031183,2318.0,2903.0,667.0,3472.0
208031184,1625.0,2075.0,475.0,12.0
208031185,1914.0,2420.0,555.0,4718.0
208031186,1592.0,2035.0,466.0,5962.0
208031187,1974.0,2491.0,572.0,2115.0
208031188,1718.0,2186.0,501.0,9445.0
208031189,2053.0,2586.0,594.0,5319.0
208031190,1748.0,2222.0,509.0,5175.0
208031191,1914.0,2420.0,555.0,3575.0
208031193,1974.0,2491.0,572.0,8313.0
208041194,1965.0,2481.0,569.0,7937.0
208041195,1999.0,2521.0,579.0,8597.0
209011196,1718.0,2186.0,501.0,3855.0
209011197,2045.0,2576.0,591.0,8160.0
209011198,1857.0,2352.0,539.0,6290.0
209011199,1037.0,1374.0,312.0,5824.0
209011200,1952.0,2466.0,566.0,4885.0
209011201,2303.0,2884.0,663.0,3035.0
209011202,2091.0,2631.0,604.0,6486.0
209011203,1965.0,2481.0,569.0,7346.0
209011204,1779.0,2259.0,518.0,3622.0
209021205,1434.0,1847.0,422.0,4082.0
209021428,1170.0,1532.0,349.0,8122.0
209021429,1441.0,1855.0,424.0,4979.0
209021523,1125.0,1478.0,336.0,5802.0
209021524,1489.0,1912.0,437.0,3844.0
209021525,1031.0,1366.0,310.0,5019.0
209021526,1214.0,1585.0,361.0,5525.0
209031209,2307.0,2889.0,664.0,9194.0
209031210,2189.0,2748.0,631.0,1394.0
209031211,2152.0,2704.0,621.0,1649.0
209031212,2327.0,2913.0,670.0,1996.0
209031213,2357.0,2948.0,678.0,3707.0
209031214,2382.0,2978.0,685.0,2720.0
209031215,2303.0,2884.0,663.0,5654.0
209041216,1758.0,2233.0,512.0,2882.0
209041217,1281.0,1665.0,380.0,2426.0
209041220,1779.0,2259.0,518.0,6851.0
209041221,1563.0,2001.0,458.0,4408.0
209041223,1102.0,1451.0,330.0,7842.0
209041224,2116.0,2660.0,611.0,8873.0
209041225,2085.0,2624.0,603.0,4181.0
209041431,1543.0,1977.0,452.0,5155.0
209041432,1207.0,1576.0,359.0,3217.0
209041433,1738.0,2210.0,506.0,4762.0
209041435,2199.0,2760.0,634.0,4939.0
209041436,1886.0,2387.0,548.0,4860.0
209041437,2031.0,2560.0,588.0,9571.0
209041527,2204.0,2767.0,636.0,6392.0
209041528,2108.0,2651.0,609.0,4106.0
209041529,1054.0,1394.0,317.0,3901.0
209041530,1489.0,1912.0,437.0,5299.0
209041531,1901.0,2404.0,551.0,4481.0
209041532,2091.0,2631.0,604.0,4682.0
210011226,1543.0,1977.0,452.0,3205.0
210011228,2076.0,2614.0,600.0,3352.0
210011230,1965.0,2481.0,569.0,2925.0
210011231,2211.0,2774.0,637.0,3934.0
210011533,1748.0,2222.0,509.0,4858.0
210011534,1933.0,2443.0,560.0,5911.0
210021232,2288.0,2866.0,659.0,5577.0
210021233,2339.0,2927.0,673.0,1382.0
210021234,2254.0,2826.0,650.0,1748.0
210021235,2162.0,2716.0,624.0,4222.0
210031236,1428.0,1840.0,420.0,3304.0
210031237,1114.0,1465.0,333.0,5491.0
210031439,2189.0,2748.0,631.0,1220.0
210031440,1291.0,1676.0,382.0,2447.0
210031535,1086.0,1431.0,325.0,5797.0
210031536,1250.0,1627.0,371.0,3473.0
210031537,1693.0,2156.0,494.0,3097.0
210031538,1515.0,1943.0,444.0,6751.0
210041240,2131.0,2679.0,615.0,5361.0
210041539,2006.0,2530.0,581.0,2054.0
210041540,1779.0,2259.0,518.0,5876.0
210041541,1982.0,2501.0,574.0,4379.0
210051242,900.0,1209.0,274.0,5435.0
210051243,984.0,1310.0,297.0,6297.0
210051245,1615.0,2063.0,472.0,7068.0
210051246,2259.0,2832.0,651.0,8665.0
210051247,1031.0,1366.0,310.0,5839.0
210051248,1489.0,1912.0,437.0,49.0
210051250,1260.0,1639.0,374.0,2579.0
210051441,1358.0,1757.0,401.0,3176.0
210051442,1848.0,2341.0,537.0,4827.0
210051443,1821.0,2308.0,529.0,8499.0
210051445,2116.0,2660.0,611.0,9166.0
210051542,1848.0,2341.0,537.0,3860.0
210051543,1615.0,2063.0,472.0,5098.0
210051544,1489.0,1912.0,437.0,3717.0
210051545,1603.0,2049.0,469.0,5748.0
211011251,1461.0,1879.0,429.0,4937.0
211011254,2013.0,2538.0,583.0,6510.0
211011255,2376.0,2971.0,683.0,2586.0
211011256,2091.0,2631.0,604.0,6046.0
211011257,2282.0,2859.0,657.0,3100.0
211011258,2270.0,2845.0,654.0,4069.0
211011259,2061.0,2595.0,596.0,5624.0
211011260,1999.0,2521.0,579.0,7036.0
211011446,1522.0,1952.0,446.0,9239.0
211011447,1603.0,2049.0,469.0,5547.0
211011448,1958.0,2472.0,567.0,6013.0
211011449,2108.0,2651.0,609.0,1704.0
211021261,2292.0,2871.0,660.0,6382.0
211021262,2380.0,2976.0,684.0,3965.0
211031263,1886.0,2387.0,548.0,4655.0
211031265,2277.0,2853.0,656.0,7082.0
211031266,1405.0,1813.0,414.0,7339.0
211031267,1848.0,2341.0,537.0,8287.0
211031268,2270.0,2845.0,654.0,3786.0
211031450,1449.0,1865.0,426.0,6317.0
211031451,1796.0,2279.0,522.0,5545.0
211031452,1933.0,2443.0,560.0,1921.0
211041269,1592.0,2035.0,466.0,4227.0
211041270,1857.0,2352.0,539.0,6586.0
211041271,1709.0,2176.0,498.0,4868.0
211041272,2053.0,2586.0,594.0,4311.0
211041273,2167.0,2722.0,625.0,4688.0
211051274,2233.0,2801.0,644.0,3924.0
211051275,2172.0,2727.0,627.0,4619.0
211051276,1941.0,2452.0,563.0,5516.0
211051277,1701.0,2166.0,496.0,3889.0
211051278,1990.0,2511.0,576.0,7686.0
211051279,2116.0,2660.0,611.0,2281.0
211051280,2204.0,2767.0,636.0,2723.0
211051281,1990.0,2511.0,576.0,9077.0
211051282,2236.0,2804.0,644.0,3806.0
211051283,2176.0,2733.0,628.0,3843.0
211051284,2145.0,2695.0,619.0,3834.0
211051285,2229.0,2796.0,643.0,3099.0
211051286,1758.0,2233.0,512.0,6588.0
212011289,2254.0,2826.0,650.0,7307.0
212011546,2152.0,2704.0,621.0,9267.0
212011547,2145.0,2695.0,619.0,3870.0
212011548,2061.0,2595.0,596.0,3949.0
212011549,1603.0,2049.0,469.0,6055.0
212011550,1999.0,2521.0,579.0,2933.0
212011551,1125.0,1478.0,336.0,2525.0
212011552,1812.0,2298.0,527.0,10503.0
212021293,2045.0,2576.0,591.0,9005.0
212021295,943.0,1261.0,286.0,4662.0
212021297,1405.0,1813.0,414.0,4499.0
212021299,2383.0,2979.0,685.0,3232.0
212021453,1866.0,2363.0,542.0,4740.0
212021454,1857.0,2352.0,539.0,5239.0
212021455,1926.0,2434.0,558.0,5296.0
212021456,1405.0,1813.0,414.0,5787.0
212021553,2248.0,2819.0,648.0,6965.0
212021554,2080.0,2618.0,601.0,4413.0
212031300,1312.0,1701.0,388.0,8345.0
212031303,2292.0,2871.0,660.0,6824.0
212031304,1941.0,2452.0,563.0,8445.0
212031306,2199.0,2760.0,634.0,7069.0
212031308,2189.0,2748.0,631.0,3147.0
212031457,2277.0,2853.0,656.0,5158.0
212031458,1926.0,2434.0,558.0,6554.0
212031555,2303.0,2884.0,663.0,4131.0
212031556,2300.0,2880.0,662.0,5805.0
212031557,1982.0,2501.0,574.0,9182.0
212031558,2072.0,2608.0,599.0,4819.0
212031559,2102.0,2644.0,607.0,5009.0
212031560,1625.0,2075.0,475.0,4671.0
212031561,1396.0,1802.0,411.0,4986.0
212031562,1190.0,1556.0,354.0,5242.0
212041309,1686.0,2148.0,492.0,4531.0
212041310,1159.0,1519.0,346.0,5247.0
212041312,1267.0,1648.0,376.0,8834.0
212041313,2145.0,2695.0,619.0,4117.0
212041316,1330.0,1723.0,393.0,2924.0
212041317,1020.0,1353.0,307.0,8725.0
212041318,1151.0,1509.0,343.0,4949.0
212041459,993.0,1320.0,300.0,4996.0
212041460,1020.0,1353.0,307.0,7683.0
212041563,913.0,1225.0,277.0,8426.0
212041564,984.0,1310.0,297.0,3667.0
212041565,1428.0,1840.0,420.0,5920.0
212041566,2342.0,2931.0,674.0,5919.0
212051319,1625.0,2075.0,475.0,7650.0
212051321,2013.0,2538.0,583.0,8472.0
212051322,1779.0,2259.0,518.0,8249.0
212051323,1990.0,2511.0,576.0,6303.0
212051324,2006.0,2530.0,581.0,7555.0
212051325,1926.0,2434.0,558.0,7800.0
212051326,1615.0,2063.0,472.0,8991.0
212051327,2183.0,2741.0,630.0,8099.0
212051567,893.0,1201.0,272.0,3855.0
212051568,979.0,1304.0,296.0,4726.0
213011328,962.0,1284.0,291.0,2942.0
213011329,1982.0,2501.0,574.0,3936.0
213011331,1250.0,1627.0,371.0,3167.0
213011332,1563.0,2001.0,458.0,5130.0
213011333,1060.0,1401.0,318.0,5484.0
213011334,942.0,1259.0,285.0,8071.0
213011335,952.0,1272.0,288.0,6845.0
213011336,1046.0,1384.0,314.0,3704.0
213011337,1060.0,1401.0,318.0,4724.0
213011338,1125.0,1478.0,336.0,7278.0
213011339,1552.0,1987.0,455.0,4598.0
213011340,2152.0,2704.0,621.0,6631.0
213011569,1223.0,1595.0,363.0,7060.0
213011570,2031.0,2560.0,588.0,3393.0
213021341,1669.0,2128.0,487.0,5316.0
213021342,1405.0,1813.0,414.0,7247.0
213021343,1291.0,1676.0,382.0,5855.0
213021344,1999.0,2521.0,579.0,7354.0
213021345,1829.0,2319.0,532.0,1942.0
213021346,1952.0,2466.0,566.0,6240.0
213031347,1035.0,1370.0,311.0,7478.0
213031348,965.0,1288.0,292.0,6718.0
213031349,1632.0,2084.0,477.0,4931.0
213031350,1679.0,2139.0,490.0,3626.0
213031351,1291.0,1676.0,382.0,4602.0
213031352,1914.0,2420.0,555.0,6064.0
213041353,1886.0,2387.0,548.0,9693.0
213041358,1592.0,2035.0,466.0,8317.0
213041359,2183.0,2741.0,630.0,6884.0
213041360,2199.0,2760.0,634.0,7662.0
213041461,1982.0,2501.0,574.0,2275.0
213041462,2096.0,2638.0,606.0,2501.0
213041463,1952.0,2466.0,566.0,7986.0
213041571,1738.0,2210.0,506.0,3855.0
213041572,2021.0,2547.0,585.0,2980.0
213041573,2348.0,2938.0,676.0,1173.0
213041574,2236.0,2804.0,644.0,3960.0
213041575,2145.0,2695.0,619.0,6346.0
213041576,1615.0,2063.0,472.0,4562.0
213041577,1002.0,1332.0,302.0,3093.0
213041578,1130.0,1484.0,338.0,6533.0
213051361,1563.0,2001.0,458.0,7234.0
213051362,1312.0,1701.0,388.0,7362.0
213051363,1522.0,1952.0,446.0,4494.0
213051368,1615.0,2063.0,472.0,6592.0
213051464,2176.0,2733.0,628.0,7558.0
213051466,2223.0,2789.0,641.0,7487.0
213051467,1054.0,1394.0,317.0,7455.0
213051468,1821.0,2308.0,529.0,8761.0
213051579,2096.0,2638.0,606.0,4163.0
213051580,1999.0,2521.0,579.0,5556.0
213051581,2125.0,2672.0,614.0,3751.0
213051582,2038.0,2568.0,590.0,3973.0
213051583,1947.0,2459.0,564.0,11026.0
213051584,2102.0,2644.0,607.0,2822.0
213051585,1758.0,2233.0,512.0,4385.0
213051586,2162.0,2716.0,624.0,3663.0
213051587,2085.0,2624.0,603.0,3763.0
213051588,1779.0,2259.0,518.0,7476.0
213051589,1638.0,2091.0,479.0,3542.0
213051590,1615.0,2063.0,472.0,5312.0
214011370,1515.0,1943.0,444.0,8618.0
214011371,1141.0,1497.0,341.0,9249.0
214011372,1065.0,1407.0,320.0,7629.0
214011373,2183.0,2741.0,630.0,7373.0
214011374,2067.0,2602.0,598.0,9780.0
214011375,1336.0,1730.0,395.0,6751.0
214011376,2217.0,2782.0,639.0,5217.0
214021377,1718.0,2186.0,501.0,5242.0
214021378,2277.0,2853.0,656.0,2351.0
214021379,1657.0,2114.0,484.0,9400.0
214021381,2363.0,2956.0,680.0,7347.0
214021382,2248.0,2819.0,648.0,7783.0
214021383,1866.0,2363.0,542.0,7769.0
214021384,1396.0,1802.0,411.0,8998.0
214021385,2053.0,2586.0,594.0,7264.0
214021591,1821.0,2308.0,529.0,5951.0
214021592,1582.0,2023.0,463.0,4149.0
215011386,1114.0,1465.0,333.0,3333.0
215011387,1866.0,2363.0,542.0,1256.0
215011388,1250.0,1627.0,371.0,6661.0
215011389,2021.0,2547.0,585.0,1361.0
215011390,1318.0,1709.0,390.0,2728.0
215011391,1291.0,1676.0,382.0,1354.0
215011392,1250.0,1627.0,371.0,3335.0
215011393,1632.0,2084.0,477.0,1085.0
215011394,1250.0,1627.0,371.0,2549.0
215021395,1952.0,2466.0,566.0,3020.0
215021396,1489.0,1912.0,437.0,1951.0
215021398,1461.0,1879.0,429.0,1461.0
215021399,1281.0,1665.0,380.0,2407.0
215021469,956.0,1276.0,289.0,7069.0
215021470,1234.0,1608.0,366.0,6435.0
215031400,1312.0,1701.0,388.0,2425.0
215031401,1449.0,1865.0,426.0,2635.0
215031402,1079.0,1423.0,323.0,1553.0
215031403,962.0,1284.0,291.0,1467.0
215031404,1180.0,1543.0,351.0,4387.0
215031405,1522.0,1952.0,446.0,2540.0
216011406,1396.0,1802.0,411.0,6132.0
216011407,1348.0,1745.0,398.0,4361.0
216011408,1901.0,2404.0,551.0,1540.0
216011409,1405.0,1813.0,414.0,1575.0
216011410,1318.0,1709.0,390.0,1644.0
216021411,1114.0,1465.0,333.0,2535.0
216021412,1729.0,2199.0,504.0,1115.0
216021413,1449.0,1865.0,426.0,4924.0
216021414,1386.0,1790.0,409.0,3396.0
216031415,1020.0,1353.0,307.0,3260.0
216031416,1291.0,1676.0,382.0,7815.0
216031418,2006.0,2530.0,581.0,1575.0
216031419,1532.0,1964.0,449.0,4057.0
216031593,2125.0,2672.0,614.0,3562.0
216031594,971.0,1295.0,294.0,6478.0
217011420,1592.0,2035.0,466.0,3498.0
217011421,1312.0,1701.0,388.0,4057.0
217011422,1175.0,1538.0,350.0,4404.0
217011423,1788.0,2270.0,520.0,2471.0
217031471,1267.0,1648.0,376.0,1369.0
217031472,1250.0,1627.0,371.0,5002.0
217031473,1974.0,2491.0,572.0,2223.0
217031474,1428.0,1840.0,420.0,2116.0
217031475,1874.0,2372.0,544.0,2816.0
217031476,1449.0,1865.0,426.0,1572.0
217041477,1914.0,2420.0,555.0,2752.0
217041478,1914.0,2420.0,555.0,3927.0
217041479,1499.0,1925.0,440.0,8786.0
217041480,1371.0,1772.0,405.0,5230.0
301011001,1848.0,2341.0,537.0,6500.0
301011002,2318.0,2903.0,667.0,2961.0
301011003,2067.0,2602.0,598.0,5973.0
301011004,1758.0,2233.0,512.0,7158.0
301011005,1515.0,1943.0,444.0,1520.0
301011006,2167.0,2722.0,625.0,4664.0
301021007,1669.0,2128.0,487.0,6216.0
301021008,2172.0,2727.0,627.0,2502.0
301021009,2183.0,2741.0,630.0,6967.0
301021011,2369.0,2963.0,682.0,3277.0
301021012,2240.0,2809.0,646.0,7554.0
301021013,1893.0,2394.0,549.0,5937.0
301021550,1358.0,1757.0,401.0,845.0
301021551,931.0,1246.0,282.0,3326.0
301031015,1941.0,2452.0,563.0,3094.0
301031016,1974.0,2491.0,572.0,4651.0
301031017,1952.0,2466.0,566.0,1873.0
301031018,1886.0,2387.0,548.0,3483.0
301031019,2381.0,2977.0,685.0,3704.0
301031020,1738.0,2210.0,506.0,5687.0
301031021,1592.0,2035.0,466.0,6149.0
302011022,1880.0,2379.0,546.0,3069.0
302011023,2369.0,2963.0,682.0,4118.0
302011024,2053.0,2586.0,594.0,3860.0
302011025,1646.0,2100.0,481.0,3939.0
302011026,2211.0,2774.0,637.0,3105.0
302021027,1866.0,2363.0,542.0,5064.0
302021028,925.0,1240.0,281.0,4481.0
302021029,1901.0,2404.0,551.0,2593.0
302021030,1866.0,2363.0,542.0,1781.0
302021031,1769.0,2246.0,515.0,5660.0
302021032,1260.0,1639.0,374.0,2713.0
302021033,1738.0,2210.0,506.0,2805.0
302021034,2199.0,2760.0,634.0,4056.0
302031035,1632.0,2084.0,477.0,3763.0
302031037,1386.0,1790.0,409.0,814.0
302031038,1758.0,2233.0,512.0,2772.0
302031039,1933.0,2443.0,560.0,4231.0
302031040,1151.0,1509.0,343.0,5218.0
302041041,1874.0,2372.0,544.0,6858.0
302041042,1914.0,2420.0,555.0,3790.0
302041043,1563.0,2001.0,458.0,1480.0
302041044,1693.0,2156.0,494.0,2677.0
302041045,1379.0,1781.0,407.0,5528.0
302041046,969.0,1292.0,293.0,3656.0
303011047,2259.0,2832.0,651.0,4763.0
303011048,1982.0,2501.0,574.0,2718.0
303011049,1718.0,2186.0,501.0,4638.0
303011050,1371.0,1772.0,405.0,2700.0
303011051,2297.0,2877.0,661.0,6472.0
303021052,1130.0,1484.0,338.0,4680.0
303021053,1758.0,2233.0,512.0,6984.0
303021054,1207.0,1576.0,359.0,1964.0
303021055,1240.0,1616.0,368.0,4127.0
303021056,1796.0,2279.0,522.0,3488.0
303021057,1914.0,2420.0,555.0,2517.0
303021058,988.0,1315.0,298.0,3371.0
303021059,1729.0,2199.0,504.0,4000.0
303031060,1796.0,2279.0,522.0,5955.0
303031061,1260.0,1639.0,374.0,2345.0
303031062,1788.0,2270.0,520.0,3482.0
303031063,1532.0,1964.0,449.0,6225.0
303031064,2353.0,2944.0,677.0,4322.0
303031065,1151.0,1509.0,343.0,4309.0
303031066,1880.0,2379.0,546.0,4488.0
303041067,1102.0,1451.0,330.0,2237.0
303041068,1371.0,1772.0,405.0,4245.0
303041069,1358.0,1757.0,401.0,1910.0
303041070,1729.0,2199.0,504.0,2965.0
303041071,2254.0,2826.0,650.0,4292.0
303051072,1625.0,2075.0,475.0,3537.0
303051073,1982.0,2501.0,574.0,8959.0
303051074,2282.0,2859.0,657.0,4008.0
303051075,2226.0,2792.0,642.0,6312.0
303051076,943.0,1261.0,286.0,3808.0
303061077,2013.0,2538.0,583.0,3539.0
303061078,1489.0,1912.0,437.0,5508.0
303061079,1214.0,1585.0,361.0,3542.0
303061080,1657.0,2114.0,484.0,7092.0
304011081,2229.0,2796.0,643.0,2998.0
304011082,2061.0,2595.0,596.0,2779.0
304011083,1952.0,2466.0,566.0,1616.0
304011084,2277.0,2853.0,656.0,3810.0
304011085,2358.0,2950.0,678.0,1743.0
304021086,2316.0,2899.0,667.0,4129.0
304021087,2380.0,2976.0,684.0,2753.0
304021088,2342.0,2931.0,674.0,4208.0
304021089,2392.0,2990.0,688.0,1704.0
304021090,2240.0,2809.0,646.0,3701.0
304021091,2397.0,2996.0,689.0,2225.0
304031092,2342.0,2931.0,674.0,3078.0
304031093,2038.0,2568.0,590.0,2087.0
304031094,1461.0,1879.0,429.0,5267.0
304031095,1874.0,2372.0,544.0,2530.0
304031096,1054.0,1394.0,317.0,4792.0
304031097,1291.0,1676.0,382.0,3537.0
304041098,1386.0,1790.0,409.0,3546.0
304041099,2240.0,2809.0,646.0,13.0
304041100,1358.0,1757.0,401.0,2908.0
304041101,1803.0,2288.0,525.0,3494.0
304041103,2277.0,2853.0,656.0,6705.0
304041104,2270.0,2845.0,654.0,4581.0
305011105,903.0,1214.0,275.0,5220.0
305011106,901.0,1211.0,274.0,3730.0
305011107,1234.0,1608.0,366.0,2499.0
305011108,1060.0,1401.0,318.0,3828.0
305011109,1267.0,1648.0,376.0,4884.0
305011110,919.0,1233.0,279.0,5585.0
305011111,918.0,1232.0,279.0,2690.0
305011112,1119.0,1471.0,335.0,5864.0
305021113,2156.0,2709.0,622.0,1786.0
305021114,2176.0,2733.0,628.0,2905.0
305021115,1199.0,1567.0,357.0,2399.0
305021116,2183.0,2741.0,630.0,2013.0
305021117,1729.0,2199.0,504.0,5611.0
305021118,2183.0,2741.0,630.0,2689.0
305031119,1318.0,1709.0,390.0,1688.0
305031120,1914.0,2420.0,555.0,2585.0
305031121,1880.0,2379.0,546.0,2262.0
305031122,1592.0,2035.0,466.0,4217.0
305031123,2300.0,2880.0,662.0,1815.0
305031124,1632.0,2084.0,477.0,2654.0
305031125,2327.0,2913.0,670.0,1941.0
305031126,956.0,1276.0,289.0,3986.0
305031127,1669.0,2128.0,487.0,1993.0
305031128,1164.0,1525.0,347.0,7065.0
305031129,2183.0,2741.0,630.0,1581.0
305031130,1471.0,1891.0,432.0,3129.0
305031131,1563.0,2001.0,458.0,4324.0
305041132,2259.0,2832.0,651.0,5379.0
305041133,1657.0,2114.0,484.0,2224.0
305041134,2339.0,2927.0,673.0,4056.0
305041135,1701.0,2166.0,496.0,4783.0
305041136,1738.0,2210.0,506.0,2343.0
305041137,1260.0,1639.0,374.0,4874.0
306011138,2102.0,2644.0,607.0,2171.0
306011139,1857.0,2352.0,539.0,4623.0
306011140,1657.0,2114.0,484.0,1467.0
306011141,2125.0,2672.0,614.0,5405.0
306011142,1821.0,2308.0,529.0,6585.0
306011143,1095.0,1443.0,328.0,2405.0
306021144,1582.0,2023.0,463.0,3278.0
306021145,910.0,1222.0,277.0,4928.0
306021146,1434.0,1847.0,422.0,3285.0
306021147,1414.0,1824.0,417.0,4474.0
306021148,1829.0,2319.0,532.0,3858.0
306021149,1532.0,1964.0,449.0,3907.0
306021151,878.0,1183.0,268.0,2422.0
306021152,884.0,1190.0,269.0,2036.0
306021153,1758.0,2233.0,512.0,3403.0
306021154,885.0,1191.0,270.0,2556.0
306021155,1086.0,1431.0,325.0,1929.0
306021156,1499.0,1925.0,440.0,3276.0
306021157,906.0,1217.0,276.0,2011.0
306031158,1471.0,1891.0,432.0,1791.0
306031159,936.0,1252.0,284.0,3630.0
306031160,1461.0,1879.0,429.0,3138.0
306031161,1190.0,1556.0,354.0,4313.0
306031163,857.0,1159.0,262.0,982.0
306041164,1260.0,1639.0,374.0,2617.0
306041165,1421.0,1832.0,418.0,2189.0
306051166,1223.0,1595.0,363.0,4559.0
306051167,1027.0,1361.0,309.0,2165.0
306051168,1336.0,1730.0,395.0,1893.0
306051169,1574.0,2014.0,461.0,3567.0
306051170,1125.0,1478.0,336.0,4637.0
307011171,1141.0,1497.0,341.0,1694.0
307011172,1414.0,1824.0,417.0,3441.0
307011173,1489.0,1912.0,437.0,2443.0
307011174,1250.0,1627.0,371.0,1594.0
307011175,1324.0,1716.0,392.0,1639.0
307011176,1214.0,1585.0,361.0,2682.0
307011177,1866.0,2363.0,542.0,2349.0
307011178,1024.0,1357.0,308.0,1510.0
307021179,1386.0,1790.0,409.0,3598.0
307021180,1441.0,1855.0,424.0,3005.0
307021181,1199.0,1567.0,357.0,1264.0
307021182,1592.0,2035.0,466.0,2271.0
307021183,1386.0,1790.0,409.0,6673.0
307031184,1669.0,2128.0,487.0,2004.0
307031185,1679.0,2139.0,490.0,1710.0
307031186,1461.0,1879.0,429.0,1957.0
307031187,1054.0,1394.0,317.0,2073.0
307031188,1563.0,2001.0,458.0,2450.0
307031189,1170.0,1532.0,349.0,6088.0
308011190,998.0,1327.0,301.0,2806.0
308011191,1657.0,2114.0,484.0,2987.0
308011192,1738.0,2210.0,506.0,5525.0
308031205,925.0,1240.0,281.0,2755.0
308031206,1686.0,2148.0,492.0,764.0
308031207,1405.0,1813.0,414.0,2274.0
308031208,1603.0,2049.0,469.0,3553.0
308031209,2331.0,2917.0,671.0,2049.0
308031210,1499.0,1925.0,440.0,4855.0
308031211,1054.0,1394.0,317.0,1914.0
308031212,903.0,1214.0,275.0,1155.0
308031213,1679.0,2139.0,490.0,4200.0
308031214,1013.0,1345.0,305.0,2075.0
308031215,1336.0,1730.0,395.0,2932.0
308031216,1095.0,1443.0,328.0,2315.0
308031217,894.0,1203.0,272.0,1319.0
308031218,1982.0,2501.0,574.0,1375.0
308031219,2053.0,2586.0,594.0,1803.0
308031220,2125.0,2672.0,614.0,1177.0
308031221,1102.0,1451.0,330.0,9.0
308031222,1371.0,1772.0,405.0,3133.0
308031223,1769.0,2246.0,515.0,7939.0
308041528,1709.0,2176.0,498.0,3458.0
308041529,1386.0,1790.0,409.0,2233.0
308051530,1267.0,1648.0,376.0,2669.0
308051531,1693.0,2156.0,494.0,3946.0
308051532,969.0,1292.0,293.0,12.0
308051533,1441.0,1855.0,424.0,5553.0
308051534,898.0,1207.0,273.0,2421.0
308051535,1947.0,2459.0,564.0,4521.0
308051536,1371.0,1772.0,405.0,1385.0
308051538,1582.0,2023.0,463.0,2505.0
308051539,932.0,1248.0,283.0,1895.0
309011224,2116.0,2660.0,611.0,3202.0
309011225,1461.0,1879.0,429.0,3598.0
309011226,1982.0,2501.0,574.0,5652.0
309011227,1214.0,1585.0,361.0,5489.0
309011228,1857.0,2352.0,539.0,5178.0
309011229,1479.0,1901.0,435.0,2920.0
309021230,1141.0,1497.0,341.0,2545.0
309021231,1582.0,2023.0,463.0,4839.0
309021232,1914.0,2420.0,555.0,3842.0
309021233,2031.0,2560.0,588.0,4917.0
309021234,1615.0,2063.0,472.0,6411.0
309031235,1812.0,2298.0,527.0,4381.0
309031236,1151.0,1509.0,343.0,3911.0
309031237,1274.0,1656.0,378.0,4038.0
309031238,998.0,1327.0,301.0,7311.0
309031239,2013.0,2538.0,583.0,3918.0
309031240,1729.0,2199.0,504.0,3650.0
309041241,2136.0,2685.0,617.0,1733.0
309041242,2131.0,2679.0,615.0,6154.0
309051243,2331.0,2917.0,671.0,3009.0
309051244,2199.0,2760.0,634.0,7667.0
309051245,2288.0,2866.0,659.0,3455.0
309061246,1701.0,2166.0,496.0,5156.0
309061247,1914.0,2420.0,555.0,3307.0
309061248,1718.0,2186.0,501.0,8337.0
309061249,2108.0,2651.0,609.0,7180.0
309061250,2321.0,2905.0,668.0,3350.0
309071251,1758.0,2233.0,512.0,7931.0
309071252,2136.0,2685.0,617.0,7431.0
309071253,2045.0,2576.0,591.0,5751.0
309071254,2108.0,2651.0,609.0,1807.0
309071256,2176.0,2733.0,628.0,7027.0
309071552,1999.0,2521.0,579.0,4189.0
309071553,2277.0,2853.0,656.0,4658.0
309071554,1941.0,2452.0,563.0,3886.0
309071555,1461.0,1879.0,429.0,4114.0
309071556,2303.0,2884.0,663.0,4478.0
309071557,1866.0,2363.0,542.0,7956.0
309071558,1933.0,2443.0,560.0,2756.0
309081259,2125.0,2672.0,614.0,1724.0
309081260,1603.0,2049.0,469.0,2827.0
309081262,1386.0,1790.0,409.0,6525.0
309081559,1965.0,2481.0,569.0,6612.0
309081560,1348.0,1745.0,398.0,3453.0
309091263,1748.0,2222.0,509.0,4869.0
309091264,1709.0,2176.0,498.0,2529.0
309091265,1926.0,2434.0,558.0,3465.0
309091540,900.0,1209.0,274.0,7016.0
309091541,1050.0,1388.0,315.0,7409.0
309101267,2053.0,2586.0,594.0,3878.0
309101268,2136.0,2685.0,617.0,1920.0
309101269,1471.0,1891.0,432.0,1568.0
309101561,1024.0,1357.0,308.0,4786.0
309101562,1009.0,1340.0,304.0,5573.0
310011271,1274.0,1656.0,378.0,1843.0
310011272,1141.0,1497.0,341.0,3237.0
310011274,886.0,1193.0,270.0,7800.0
310011275,1821.0,2308.0,529.0,3364.0
310011276,886.0,1192.0,270.0,2439.0
310011563,1657.0,2114.0,484.0,3372.0
310011564,1779.0,2259.0,518.0,8815.0
310021277,1812.0,2298.0,527.0,4948.0
310021278,1371.0,1772.0,405.0,1981.0
310021280,1592.0,2035.0,466.0,8317.0
310021281,1646.0,2100.0,481.0,5567.0
310021282,1625.0,2075.0,475.0,5575.0
310031283,1164.0,1525.0,347.0,4751.0
310031284,1091.0,1438.0,327.0,3660.0
310031285,1522.0,1952.0,446.0,2673.0
310031286,984.0,1310.0,297.0,2633.0
310031287,1035.0,1370.0,311.0,7049.0
310031288,2217.0,2782.0,639.0,1789.0
310031289,2312.0,2895.0,666.0,2625.0
310031290,2307.0,2889.0,664.0,2365.0
310031291,928.0,1243.0,282.0,3242.0
310031292,1135.0,1490.0,339.0,2516.0
310031293,1428.0,1840.0,420.0,5943.0
310031294,1982.0,2501.0,574.0,5009.0
310031295,892.0,1200.0,272.0,1203.0
310041297,1563.0,2001.0,458.0,3627.0
310041299,1421.0,1832.0,418.0,4583.0
310041300,984.0,1310.0,297.0,4269.0
310041302,1091.0,1438.0,327.0,9549.0
310041303,1958.0,2472.0,567.0,2871.0
310041304,1990.0,2511.0,576.0,9226.0
310041565,2351.0,2942.0,676.0,3524.0
310041566,1489.0,1912.0,437.0,3604.0
311011305,1312.0,1701.0,388.0,5755.0
311021306,943.0,1261.0,286.0,3304.0
311021307,965.0,1288.0,292.0,5331.0
311021308,1532.0,1964.0,449.0,3745.0
311021309,1582.0,2023.0,463.0,2249.0
311021310,2031.0,2560.0,588.0,3536.0
311031311,1330.0,1723.0,393.0,7516.0
311031312,1151.0,1509.0,343.0,3200.0
311031313,1669.0,2128.0,487.0,3478.0
311031314,1102.0,1451.0,330.0,4768.0
311031316,1769.0,2246.0,515.0,3464.0
311031317,1016.0,1348.0,306.0,6270.0
311031318,2189.0,2748.0,631.0,1736.0
311031319,1926.0,2434.0,558.0,6287.0
311041322,2288.0,2866.0,659.0,3376.0
311041567,2236.0,2804.0,644.0,2601.0
311041568,2369.0,2963.0,682.0,3942.0
311041569,2156.0,2709.0,622.0,2995.0
311041570,2248.0,2819.0,648.0,7064.0
311041571,1312.0,1701.0,388.0,4198.0
311051323,1234.0,1608.0,366.0,4755.0
311051324,2300.0,2880.0,662.0,3559.0
311051325,1812.0,2298.0,527.0,4544.0
311051326,979.0,1304.0,296.0,4618.0
311051327,2167.0,2722.0,625.0,4735.0
311051328,1020.0,1353.0,307.0,3065.0
311061329,2013.0,2538.0,583.0,2705.0
311061330,898.0,1207.0,273.0,4067.0
311061331,878.0,1183.0,268.0,2493.0
311061332,1829.0,2319.0,532.0,6037.0
311061333,979.0,1304.0,296.0,4082.0
311061334,1729.0,2199.0,504.0,3860.0
311061335,1999.0,2521.0,579.0,2670.0
311061336,882.0,1188.0,269.0,5091.0
312011337,1114.0,1465.0,333.0,3872.0
312011338,1414.0,1824.0,417.0,3424.0
312011339,1693.0,2156.0,494.0,1527.0
312011340,1358.0,1757.0,401.0,1529.0
312011341,1574.0,2014.0,461.0,3696.0
312021342,1471.0,1891.0,432.0,6205.0
312021343,1336.0,1730.0,395.0,1473.0
312021344,2013.0,2538.0,583.0,5292.0
312021346,889.0,1196.0,271.0,1579.0
312021347,1532.0,1964.0,449.0,241.0
312021348,2116.0,2660.0,611.0,4533.0
312021349,1102.0,1451.0,330.0,2464.0
312021350,1941.0,2452.0,563.0,2330.0
312021351,1990.0,2511.0,576.0,3489.0
312021352,1701.0,2166.0,496.0,4636.0
312021353,1901.0,2404.0,551.0,3208.0
312021354,1893.0,2394.0,549.0,2386.0
312021355,1234.0,1608.0,366.0,1355.0
312021356,1114.0,1465.0,333.0,2713.0
312021357,2061.0,2595.0,596.0,3316.0
312021358,1318.0,1709.0,390.0,2496.0
312031359,1515.0,1943.0,444.0,5695.0
312031361,1632.0,2084.0,477.0,3474.0
313011362,1615.0,2063.0,472.0,6458.0
313011363,1300.0,1687.0,385.0,8083.0
313021364,2307.0,2889.0,664.0,2611.0
313021366,1079.0,1423.0,323.0,9265.0
313021367,2277.0,2853.0,656.0,1682.0
313021368,1405.0,1813.0,414.0,4344.0
313021369,2223.0,2789.0,641.0,1658.0
313021572,1095.0,1443.0,328.0,6955.0
313021573,1274.0,1656.0,378.0,4771.0
313031370,1603.0,2049.0,469.0,2274.0
313031371,1990.0,2511.0,576.0,3569.0
313041372,1796.0,2279.0,522.0,6466.0
313041373,1135.0,1490.0,339.0,8896.0
313041374,2131.0,2679.0,615.0,2301.0
313041375,2189.0,2748.0,631.0,8202.0
313041376,2316.0,2899.0,667.0,1278.0
313051377,1260.0,1639.0,374.0,3300.0
313051378,1060.0,1401.0,318.0,4696.0
313051379,1031.0,1366.0,310.0,4092.0
313051380,1214.0,1585.0,361.0,6818.0
313051574,1582.0,2023.0,463.0,121.0
313051575,1874.0,2372.0,544.0,5983.0
314011382,2248.0,2819.0,648.0,6435.0
314011383,2307.0,2889.0,664.0,7703.0
314011384,2342.0,2931.0,674.0,3613.0
314011385,2372.0,2966.0,682.0,3067.0
314011386,2162.0,2716.0,624.0,9535.0
314011387,2384.0,2981.0,686.0,4857.0
314021389,1880.0,2379.0,546.0,9055.0
314021576,1250.0,1627.0,371.0,2069.0
314021577,1180.0,1543.0,351.0,8529.0
314021578,1914.0,2420.0,555.0,5851.0
314021579,2006.0,2530.0,581.0,9031.0
314031391,1646.0,2100.0,481.0,4028.0
314031392,1229.0,1603.0,365.0,2782.0
314031393,1709.0,2176.0,498.0,3425.0
314031394,1175.0,1538.0,350.0,5391.0
315011395,855.0,1156.0,261.0,432.0
315011396,871.0,1175.0,266.0,3060.0
315011397,1091.0,1438.0,327.0,385.0
315011398,852.0,1152.0,261.0,663.0
315011399,862.0,1165.0,263.0,1091.0
315011400,1306.0,1694.0,386.0,2433.0
315011401,885.0,1191.0,270.0,1342.0
315011402,861.0,1163.0,263.0,1617.0
315011403,1701.0,2166.0,496.0,1607.0
315021404,866.0,1170.0,265.0,1930.0
315021405,1125.0,1478.0,336.0,7183.0
315021406,1079.0,1423.0,323.0,1586.0
315021407,1471.0,1891.0,432.0,1214.0
315031408,1449.0,1865.0,426.0,1862.0
315031409,1151.0,1509.0,343.0,1557.0
315031410,1141.0,1497.0,341.0,845.0
315031411,988.0,1315.0,298.0,1064.0
315031412,1318.0,1709.0,390.0,1430.0
316011413,1990.0,2511.0,576.0,7043.0
316011414,2108.0,2651.0,609.0,6863.0
316011415,1880.0,2379.0,546.0,4686.0
316011416,1669.0,2128.0,487.0,4527.0
316021417,1848.0,2341.0,537.0,3938.0
316021418,1874.0,2372.0,544.0,2728.0
316021419,1002.0,1332.0,302.0,2735.0
316021421,1848.0,2341.0,537.0,5112.0
316021422,1638.0,2091.0,479.0,3188.0
316021423,1812.0,2298.0,527.0,4075.0
316021424,1669.0,2128.0,487.0,4185.0
316021580,1914.0,2420.0,555.0,6160.0
316021581,1848.0,2341.0,537.0,5646.0
316031425,1857.0,2352.0,539.0,6254.0
316031426,1718.0,2186.0,501.0,4691.0
316031427,1267.0,1648.0,376.0,9148.0
316031428,1421.0,1832.0,418.0,4880.0
316051434,1947.0,2459.0,564.0,2008.0
316051435,1796.0,2279.0,522.0,3664.0
316051437,1974.0,2491.0,572.0,2687.0
316051438,1543.0,1977.0,452.0,4133.0
316051543,2021.0,2547.0,585.0,1611.0
316051544,2013.0,2538.0,583.0,4194.0
316061439,1748.0,2222.0,509.0,3629.0
316061440,1758.0,2233.0,512.0,3573.0
316061441,2021.0,2547.0,585.0,2569.0
316061442,2156.0,2709.0,622.0,6138.0
316061443,1886.0,2387.0,548.0,2678.0
316061444,2067.0,2602.0,598.0,4566.0
316071545,1974.0,2491.0,572.0,4216.0
316071546,2080.0,2618.0,601.0,1727.0
316071547,2091.0,2631.0,604.0,4842.0
316071548,1434.0,1847.0,422.0,8820.0
316081549,2031.0,2560.0,588.0,9493.0
317011445,2102.0,2644.0,607.0,3098.0
317011446,1130.0,1484.0,338.0,5716.0
317011447,993.0,1320.0,300.0,4244.0
317011448,1027.0,1361.0,309.0,3118.0
317011449,2162.0,2716.0,624.0,2768.0
317011450,2270.0,2845.0,654.0,5718.0
317011451,2013.0,2538.0,583.0,4684.0
317011452,2217.0,2782.0,639.0,2978.0
317011453,938.0,1255.0,284.0,3937.0
317011454,971.0,1295.0,294.0,2520.0
317011455,1812.0,2298.0,527.0,3399.0
317011456,1009.0,1340.0,304.0,5485.0
317011457,1603.0,2049.0,469.0,4131.0
317011458,1901.0,2404.0,551.0,6215.0
317011459,995.0,1323.0,300.0,5534.0
318011460,1170.0,1532.0,349.0,3524.0
318011461,1552.0,1987.0,455.0,3003.0
318011462,1013.0,1345.0,305.0,3153.0
318011463,1718.0,2186.0,501.0,1472.0
318011464,988.0,1315.0,298.0,1747.0
318011465,1499.0,1925.0,440.0,2534.0
318011466,858.0,1159.0,262.0,823.0
318021467,976.0,1300.0,295.0,1881.0
318021468,2085.0,2624.0,603.0,3967.0
318021469,1489.0,1912.0,437.0,1252.0
318021470,2204.0,2767.0,636.0,3339.0
318021471,1086.0,1431.0,325.0,4235.0
318021472,1151.0,1509.0,343.0,2292.0
318021474,1552.0,1987.0,455.0,3085.0
318021475,913.0,1225.0,277.0,2460.0
318021476,1016.0,1348.0,306.0,2975.0
318021477,995.0,1323.0,300.0,1532.0
318021478,969.0,1292.0,293.0,2124.0
318021479,938.0,1255.0,284.0,1854.0
318021480,1414.0,1824.0,417.0,4189.0
318021481,1027.0,1361.0,309.0,3017.0
318021482,1729.0,2199.0,504.0,5860.0
318021483,1135.0,1490.0,339.0,971.0
318021484,1803.0,2288.0,525.0,3965.0
318021485,1141.0,1497.0,341.0,1409.0
318021486,1738.0,2210.0,506.0,2575.0
318021487,1821.0,2308.0,529.0,2758.0
318021488,1119.0,1471.0,335.0,2077.0
318021489,2076.0,2614.0,600.0,1869.0
318021490,1223.0,1595.0,363.0,3575.0
318021491,1250.0,1627.0,371.0,2389.0
318021582,2076.0,2614.0,600.0,7583.0
318021583,1563.0,2001.0,458.0,2382.0
319011492,1250.0,1627.0,371.0,2219.0
319011493,1638.0,2091.0,479.0,7454.0
319011494,1866.0,2363.0,542.0,2111.0
319011495,882.0,1189.0,269.0,2450.0
319011496,1240.0,1616.0,368.0,2276.0
319011497,1108.0,1458.0,332.0,2921.0
319011498,1479.0,1901.0,435.0,3638.0
319011499,1342.0,1737.0,396.0,4227.0
319011500,1151.0,1509.0,343.0,2904.0
319011501,979.0,1304.0,296.0,2278.0
319011502,1035.0,1370.0,311.0,4307.0
319021503,1125.0,1478.0,336.0,2508.0
319021504,1065.0,1407.0,320.0,2118.0
319021505,1141.0,1497.0,341.0,4135.0
319021506,945.0,1264.0,286.0,3722.0
319021507,1738.0,2210.0,506.0,1630.0
319021508,1190.0,1556.0,354.0,1440.0
319021509,1070.0,1412.0,321.0,3923.0
319031511,1141.0,1497.0,341.0,2576.0
319031512,1054.0,1394.0,317.0,5830.0
319031513,1421.0,1832.0,418.0,2965.0
319031514,1718.0,2186.0,501.0,7984.0
319031515,1396.0,1802.0,411.0,1485.0
319041516,1821.0,2308.0,529.0,2265.0
319041517,2091.0,2631.0,604.0,2186.0
319041518,1229.0,1603.0,365.0,6218.0
319041519,1234.0,1608.0,366.0,2242.0
319041520,1050.0,1388.0,315.0,6191.0
319041521,1342.0,1737.0,396.0,5796.0
319051522,1300.0,1687.0,385.0,4155.0
319051523,1007.0,1337.0,303.0,1196.0
319051524,956.0,1276.0,289.0,7278.0
319051525,1300.0,1687.0,385.0,3744.0
319051526,1574.0,2014.0,461.0,2303.0
401011001,883.0,1189.0,269.0,7138.0
401011002,1267.0,1648.0,376.0,2676.0
401021003,2189.0,2748.0,631.0,2765.0
401021004,2295.0,2874.0,661.0,7140.0
401021005,2145.0,2695.0,619.0,1853.0
401021006,2031.0,2560.0,588.0,3705.0
401021007,1803.0,2288.0,525.0,8672.0
401021008,2136.0,2685.0,617.0,2676.0
401021009,1914.0,2420.0,555.0,2089.0
401021010,2223.0,2789.0,641.0,2369.0
401031011,2061.0,2595.0,596.0,7477.0
401031012,2229.0,2796.0,643.0,4050.0
401031013,1812.0,2298.0,527.0,6524.0
401041014,2053.0,2586.0,594.0,3765.0
401041015,1291.0,1676.0,382.0,8471.0
401041016,1507.0,1934.0,442.0,9399.0
401051017,1170.0,1532.0,349.0,4255.0
401051018,1306.0,1694.0,386.0,5146.0
401051019,1646.0,2100.0,481.0,5300.0
401061020,1615.0,2063.0,472.0,2543.0
401061021,1603.0,2049.0,469.0,6190.0
401061022,1914.0,2420.0,555.0,3146.0
401071023,1701.0,2166.0,496.0,6922.0
401071024,1748.0,2222.0,509.0,8235.0
402011025,1990.0,2511.0,576.0,3743.0
402011026,1342.0,1737.0,396.0,8495.0
402011027,2136.0,2685.0,617.0,2551.0
402021028,1522.0,1952.0,446.0,7812.0
402021029,909.0,1220.0,276.0,7182.0
402021030,870.0,1174.0,265.0,4247.0
402021031,962.0,1284.0,291.0,5509.0
402021032,1552.0,1987.0,455.0,6359.0
402021033,2334.0,2921.0,672.0,970.0
402021034,880.0,1186.0,268.0,4881.0
402021035,1738.0,2210.0,506.0,2233.0
402031036,984.0,1310.0,297.0,10031.0
402031038,1214.0,1585.0,361.0,8858.0
402031175,1441.0,1855.0,424.0,7133.0
402031176,1318.0,1709.0,390.0,4119.0
402041040,1260.0,1639.0,374.0,6149.0
402041041,1441.0,1855.0,424.0,5919.0
402041043,1170.0,1532.0,349.0,7242.0
402041044,1260.0,1639.0,374.0,6987.0
402041046,925.0,1240.0,281.0,7292.0
402041047,1358.0,1757.0,401.0,7237.0
402041048,1002.0,1332.0,302.0,7250.0
402041171,1574.0,2014.0,461.0,5433.0
402041172,1086.0,1431.0,325.0,3169.0
402051049,1914.0,2420.0,555.0,4081.0
402051050,1893.0,2394.0,549.0,3536.0
402051051,2061.0,2595.0,596.0,4333.0
402051052,1281.0,1665.0,380.0,6861.0
402051053,1718.0,2186.0,501.0,7548.0
402051054,1941.0,2452.0,563.0,6383.0
402051055,1646.0,2100.0,481.0,5161.0
403011056,1718.0,2186.0,501.0,5957.0
403011057,1489.0,1912.0,437.0,8048.0
403021058,1046.0,1384.0,314.0,5711.0
403021059,2038.0,2568.0,590.0,4945.0
403021060,1965.0,2481.0,569.0,3805.0
403021061,1020.0,1353.0,307.0,6477.0
403021062,1267.0,1648.0,376.0,6483.0
403021063,2072.0,2608.0,599.0,4004.0
403021064,1125.0,1478.0,336.0,6349.0
403031065,2282.0,2859.0,657.0,1920.0
403031066,1838.0,2330.0,534.0,2984.0
403031067,2217.0,2782.0,639.0,5084.0
403031068,1893.0,2394.0,549.0,6213.0
403031069,2080.0,2618.0,601.0,6473.0
403031070,1582.0,2023.0,463.0,3324.0
403041071,1999.0,2521.0,579.0,4671.0
403041072,1489.0,1912.0,437.0,6244.0
403041073,921.0,1235.0,280.0,3716.0
403041074,1074.0,1417.0,322.0,4333.0
403041075,2285.0,2862.0,658.0,1070.0
403041076,2288.0,2866.0,659.0,1753.0
403041077,2116.0,2660.0,611.0,4229.0
403041078,1507.0,1934.0,442.0,2696.0
403041079,947.0,1266.0,287.0,3066.0
403041080,1880.0,2379.0,546.0,5437.0
403041082,1625.0,2075.0,475.0,9.0
403041083,2013.0,2538.0,583.0,2880.0
403041084,1214.0,1585.0,361.0,5436.0
403041085,1044.0,1381.0,314.0,3976.0
403041086,1441.0,1855.0,424.0,4034.0
403041088,2116.0,2660.0,611.0,1413.0
403041089,1874.0,2372.0,544.0,4530.0
403041177,1479.0,1901.0,435.0,5560.0
403041178,1679.0,2139.0,490.0,4168.0
404011090,1336.0,1730.0,395.0,3489.0
404011091,1358.0,1757.0,401.0,6416.0
404011092,1738.0,2210.0,506.0,6131.0
404011093,1108.0,1458.0,332.0,7481.0
404011094,1114.0,1465.0,333.0,2549.0
404011095,1312.0,1701.0,388.0,6863.0
404011096,1632.0,2084.0,477.0,5963.0
404011097,1141.0,1497.0,341.0,7556.0
404021099,1371.0,1772.0,405.0,5807.0
404021100,1240.0,1616.0,368.0,5804.0
404021101,1005.0,1335.0,303.0,4545.0
404021102,956.0,1276.0,289.0,7704.0
404031105,1779.0,2259.0,518.0,1145.0
404031106,1428.0,1840.0,420.0,5275.0
404031107,1207.0,1576.0,359.0,10384.0
404031108,1102.0,1451.0,330.0,6675.0
404031109,1829.0,2319.0,532.0,2029.0
405011110,1838.0,2330.0,534.0,2544.0
405011111,1886.0,2387.0,548.0,3842.0
405011112,2108.0,2651.0,609.0,2566.0
405011113,1479.0,1901.0,435.0,1308.0
405011114,1552.0,1987.0,455.0,2807.0
405011115,1686.0,2148.0,492.0,1830.0
405021116,1461.0,1879.0,429.0,1606.0
405021117,1615.0,2063.0,472.0,1967.0
405021118,1250.0,1627.0,371.0,1600.0
405021119,1267.0,1648.0,376.0,3725.0
405031120,1386.0,1790.0,409.0,1802.0
405031121,1183.0,1548.0,352.0,2095.0
405031122,940.0,1258.0,285.0,5449.0
405031123,1371.0,1772.0,405.0,1308.0
405041124,1250.0,1627.0,371.0,2123.0
405041125,1306.0,1694.0,386.0,2046.0
405041126,1044.0,1381.0,314.0,1736.0
405041127,1274.0,1656.0,378.0,2925.0
405041128,1281.0,1665.0,380.0,1624.0
406011129,1070.0,1412.0,321.0,1058.0
406011130,1603.0,2049.0,469.0,2676.0
406011131,1507.0,1934.0,442.0,1647.0
406011132,1358.0,1757.0,401.0,832.0
406011133,1214.0,1585.0,361.0,6395.0
406011134,1046.0,1384.0,314.0,1430.0
406011135,864.0,1167.0,264.0,53.0
406011136,931.0,1246.0,282.0,8296.0
406021138,853.0,1154.0,261.0,915.0
406021139,888.0,1195.0,271.0,614.0
406021140,1164.0,1525.0,347.0,840.0
406021141,979.0,1304.0,296.0,796.0
406021142,949.0,1268.0,287.0,5300.0
406021143,1693.0,2156.0,494.0,1559.0
407011144,1342.0,1737.0,396.0,4908.0
407011145,1434.0,1847.0,422.0,1919.0
407011146,1769.0,2246.0,515.0,3087.0
407011147,2045.0,2576.0,591.0,3125.0
407011148,1324.0,1716.0,392.0,6215.0
407011149,1574.0,2014.0,461.0,2548.0
407021150,1990.0,2511.0,576.0,2407.0
407021151,1543.0,1977.0,452.0,1518.0
407021152,1054.0,1394.0,317.0,2057.0
407021154,1291.0,1676.0,382.0,2468.0
407021155,2021.0,2547.0,585.0,939.0
407021156,1358.0,1757.0,401.0,1218.0
407021157,1638.0,2091.0,479.0,2702.0
407021158,1679.0,2139.0,490.0,1361.0
407021173,1199.0,1567.0,357.0,5862.0
407021174,1086.0,1431.0,325.0,5686.0
407031159,1312.0,1701.0,388.0,2510.0
407031160,919.0,1233.0,279.0,1625.0
407031161,1434.0,1847.0,422.0,1145.0
407031162,1330.0,1723.0,393.0,2186.0
407031163,1632.0,2084.0,477.0,683.0
407031164,1190.0,1556.0,354.0,2586.0
407031165,998.0,1327.0,301.0,7154.0
407031166,1669.0,2128.0,487.0,1464.0
407031167,936.0,1252.0,284.0,1845.0
407031168,1701.0,2166.0,496.0,1992.0
407031169,1234.0,1608.0,366.0,2146.0
407031170,1190.0,1556.0,354.0,2606.0
501011001,1838.0,2330.0,534.0,2586.0
501011003,2217.0,2782.0,639.0,4667.0
501011004,1974.0,2491.0,572.0,3997.0
501011293,1769.0,2246.0,515.0,3670.0
501011294,1779.0,2259.0,518.0,7565.0
501021005,2067.0,2602.0,598.0,7551.0
501021007,1901.0,2404.0,551.0,2140.0
501021008,988.0,1315.0,298.0,2736.0
501021009,1250.0,1627.0,371.0,3456.0
501021010,2091.0,2631.0,604.0,1289.0
501021012,1933.0,2443.0,560.0,4834.0
501021014,1701.0,2166.0,496.0,3651.0
501021015,1371.0,1772.0,405.0,2822.0
501021016,1592.0,2035.0,466.0,1660.0
501021251,1965.0,2481.0,569.0,3831.0
501021252,2331.0,2917.0,671.0,1193.0
501021253,1405.0,1813.0,414.0,5004.0
501021254,952.0,1272.0,288.0,2007.0
501031017,1738.0,2210.0,506.0,2772.0
501031018,1829.0,2319.0,532.0,2414.0
501031019,1306.0,1694.0,386.0,2136.0
501031020,1625.0,2075.0,475.0,2038.0
502011021,1990.0,2511.0,576.0,3333.0
502011022,1748.0,2222.0,509.0,3790.0
502011023,1223.0,1595.0,363.0,3870.0
502011024,1880.0,2379.0,546.0,7806.0
502011025,913.0,1225.0,277.0,4022.0
502011026,1769.0,2246.0,515.0,2588.0
502011027,2061.0,2595.0,596.0,8338.0
502011028,1190.0,1556.0,354.0,4440.0
502011029,1838.0,2330.0,534.0,4025.0
503011030,2388.0,2986.0,687.0,2669.0
503011031,1769.0,2246.0,515.0,3627.0
503011032,2248.0,2819.0,648.0,3039.0
503011033,2384.0,2981.0,686.0,3381.0
503011034,2076.0,2614.0,600.0,4221.0
503011035,2116.0,2660.0,611.0,7426.0
503011036,2312.0,2895.0,666.0,3769.0
503021037,1901.0,2404.0,551.0,19.0
503021038,2053.0,2586.0,594.0,4656.0
503021039,1788.0,2270.0,520.0,6641.0
503021040,1838.0,2330.0,534.0,3807.0
503021042,1693.0,2156.0,494.0,6873.0
503021043,1701.0,2166.0,496.0,7491.0
503021295,1042.0,1379.0,313.0,4627.0
503021296,1046.0,1384.0,314.0,4476.0
503021297,949.0,1268.0,287.0,4753.0
504011044,1543.0,1977.0,452.0,6248.0
504011045,1729.0,2199.0,504.0,9617.0
504011046,1095.0,1443.0,328.0,5213.0
504011047,1522.0,1952.0,446.0,8907.0
504011048,1982.0,2501.0,574.0,3138.0
504021049,2156.0,2709.0,622.0,1817.0
504021050,2321.0,2905.0,668.0,2833.0
504021051,2045.0,2576.0,591.0,2267.0
504021053,2244.0,2813.0,647.0,5218.0
504021054,1563.0,2001.0,458.0,5035.0
504031056,1848.0,2341.0,537.0,7257.0
504031057,1829.0,2319.0,532.0,8372.0
504031058,2125.0,2672.0,614.0,2198.0
504031060,2367.0,2960.0,681.0,1105.0
504031061,2145.0,2695.0,619.0,2121.0
504031062,1821.0,2308.0,529.0,4909.0
504031065,1657.0,2114.0,484.0,2227.0
504031066,1009.0,1340.0,304.0,4348.0
504031067,1893.0,2394.0,549.0,2753.0
504031068,2285.0,2862.0,658.0,4885.0
504031298,2125.0,2672.0,614.0,6149.0
504031299,2189.0,2748.0,631.0,4378.0
504031300,1838.0,2330.0,534.0,7455.0
505011070,1803.0,2288.0,525.0,4140.0
505011071,2264.0,2837.0,652.0,5419.0
505011072,2295.0,2874.0,661.0,6267.0
505011073,2045.0,2576.0,591.0,5382.0
505011074,2061.0,2595.0,596.0,4146.0
505011075,2331.0,2917.0,671.0,4392.0
505011076,2399.0,2999.0,690.0,3818.0
505011077,1686.0,2148.0,492.0,5429.0
505011078,2194.0,2754.0,633.0,5178.0
505011079,2327.0,2913.0,670.0,4507.0
505011080,2358.0,2950.0,678.0,3186.0
505011081,2108.0,2651.0,609.0,3383.0
505011082,2348.0,2938.0,676.0,3997.0
505011083,2323.0,2908.0,669.0,3756.0
505021084,1625.0,2075.0,475.0,6284.0
505021085,995.0,1323.0,300.0,8248.0
505021088,1574.0,2014.0,461.0,7242.0
505021089,2331.0,2917.0,671.0,8864.0
505021090,1035.0,1370.0,311.0,7772.0
505021091,1024.0,1357.0,308.0,86.0
505021092,1646.0,2100.0,481.0,6883.0
505021093,1965.0,2481.0,569.0,5733.0
505021094,2199.0,2760.0,634.0,3124.0
505021095,1199.0,1567.0,357.0,5027.0
505021096,2254.0,2826.0,650.0,5900.0
505021097,1669.0,2128.0,487.0,6693.0
505021301,2067.0,2602.0,598.0,4677.0
505021302,1414.0,1824.0,417.0,5092.0
505031098,1552.0,1987.0,455.0,4583.0
505031099,1603.0,2049.0,469.0,9286.0
505031100,2145.0,2695.0,619.0,7310.0
505031101,1646.0,2100.0,481.0,5453.0
505031102,988.0,1315.0,298.0,3489.0
505031104,1646.0,2100.0,481.0,4111.0
505031105,2312.0,2895.0,666.0,8143.0
505031107,2264.0,2837.0,652.0,5321.0
505031255,2053.0,2586.0,594.0,5453.0
505031256,2316.0,2899.0,667.0,284.0
505031257,1947.0,2459.0,564.0,1499.0
505031258,1874.0,2372.0,544.0,4317.0
505031303,2204.0,2767.0,636.0,5153.0
505031304,2353.0,2944.0,677.0,6040.0
505031305,2264.0,2837.0,652.0,5568.0
505031306,1866.0,2363.0,542.0,5756.0
506011110,1102.0,1451.0,330.0,9085.0
506011112,1223.0,1595.0,363.0,2272.0
506011114,1281.0,1665.0,380.0,4158.0
506011115,2240.0,2809.0,646.0,3232.0
506011116,2307.0,2889.0,664.0,2840.0
506011117,1779.0,2259.0,518.0,4474.0
506011307,2277.0,2853.0,656.0,4575.0
506011308,2321.0,2905.0,668.0,6294.0
506021118,1291.0,1676.0,382.0,5915.0
506021119,1405.0,1813.0,414.0,6763.0
506021123,1324.0,1716.0,392.0,6202.0
506021309,1141.0,1497.0,341.0,3476.0
506021310,1358.0,1757.0,401.0,2900.0
506021311,1114.0,1465.0,333.0,4273.0
506031124,1031.0,1366.0,310.0,8083.0
506031125,2312.0,2895.0,666.0,3952.0
506031127,1260.0,1639.0,374.0,8100.0
506031128,1615.0,2063.0,472.0,5487.0
506031129,2072.0,2608.0,599.0,5693.0
506031130,1625.0,2075.0,475.0,6.0
506031131,2108.0,2651.0,609.0,7554.0
506041132,1324.0,1716.0,392.0,7953.0
506041133,2217.0,2782.0,639.0,9575.0
506041134,1102.0,1451.0,330.0,8293.0
506041135,2162.0,2716.0,624.0,8576.0
506041136,1379.0,1781.0,407.0,5884.0
506041137,1679.0,2139.0,490.0,9280.0
506051138,1914.0,2420.0,555.0,7737.0
506051139,1838.0,2330.0,534.0,4784.0
506051140,2167.0,2722.0,625.0,5936.0
506051141,2236.0,2804.0,644.0,4587.0
506061142,2204.0,2767.0,636.0,8028.0
506061143,2353.0,2944.0,677.0,2810.0
506061144,2229.0,2796.0,643.0,1807.0
506071145,1449.0,1865.0,426.0,5716.0
506071146,1990.0,2511.0,576.0,4570.0
506071147,1803.0,2288.0,525.0,6755.0
507011148,2270.0,2845.0,654.0,8528.0
507011150,1625.0,2075.0,475.0,8.0
507011152,2223.0,2789.0,641.0,3849.0
507011153,1386.0,1790.0,409.0,3335.0
507011154,1130.0,1484.0,338.0,4442.0
507011158,2288.0,2866.0,659.0,1467.0
507011159,1646.0,2100.0,481.0,4597.0
507011160,1499.0,1925.0,440.0,4419.0
507011161,2145.0,2695.0,619.0,6845.0
507011163,1914.0,2420.0,555.0,2993.0
507011259,2136.0,2685.0,617.0,3972.0
507011260,2339.0,2927.0,673.0,959.0
507021164,2125.0,2672.0,614.0,3066.0
507021165,1428.0,1840.0,420.0,6557.0
507021166,1603.0,2049.0,469.0,6028.0
507031169,1965.0,2481.0,569.0,7040.0
507031170,1038.0,1375.0,312.0,2915.0
507031172,2006.0,2530.0,581.0,29.0
507031173,1625.0,2075.0,475.0,9.0
507031174,1095.0,1443.0,328.0,4426.0
507031261,2244.0,2813.0,647.0,3562.0
507041175,2194.0,2754.0,633.0,4598.0
507041176,2189.0,2748.0,631.0,1503.0
507041177,1796.0,2279.0,522.0,5795.0
507041178,2072.0,2608.0,599.0,6069.0
507041179,2091.0,2631.0,604.0,3149.0
507041180,2312.0,2895.0,666.0,4268.0
507041181,2204.0,2767.0,636.0,6844.0
507041182,1933.0,2443.0,560.0,4898.0
507041183,1207.0,1576.0,359.0,2136.0
507041184,2337.0,2925.0,672.0,2361.0
507051186,1190.0,1556.0,354.0,3335.0
507051187,1982.0,2501.0,574.0,5285.0
507051188,1114.0,1465.0,333.0,6436.0
507051190,1489.0,1912.0,437.0,4721.0
507051191,2217.0,2782.0,639.0,8697.0
507051192,1709.0,2176.0,498.0,4917.0
507051193,1507.0,1934.0,442.0,4212.0
507051312,2013.0,2538.0,583.0,4569.0
507051313,2145.0,2695.0,619.0,10214.0
507051314,2254.0,2826.0,650.0,822.0
509011225,1281.0,1665.0,380.0,5815.0
509011226,2021.0,2547.0,585.0,1454.0
509011227,1848.0,2341.0,537.0,2044.0
509011228,1632.0,2084.0,477.0,2475.0
509011229,1758.0,2233.0,512.0,1122.0
509011230,1180.0,1543.0,351.0,1769.0
509011231,1563.0,2001.0,458.0,1589.0
509011232,2038.0,2568.0,590.0,1443.0
509011233,1563.0,2001.0,458.0,4444.0
509011234,1499.0,1925.0,440.0,2113.0
509021236,2292.0,2871.0,660.0,2325.0
509021237,1342.0,1737.0,396.0,1486.0
509021238,1342.0,1737.0,396.0,1491.0
509021239,1758.0,2233.0,512.0,3502.0
509021240,1461.0,1879.0,429.0,1919.0
509021241,1646.0,2100.0,481.0,1753.0
509021242,1414.0,1824.0,417.0,1178.0
509021243,1371.0,1772.0,405.0,4454.0
509021244,1769.0,2246.0,515.0,1804.0
509021245,1434.0,1847.0,422.0,2023.0
509031246,1489.0,1912.0,437.0,1374.0
509031247,1812.0,2298.0,527.0,1666.0
509031248,1729.0,2199.0,504.0,932.0
509031249,1170.0,1532.0,349.0,1714.0
509031250,1646.0,2100.0,481.0,1905.0
510011262,1318.0,1709.0,390.0,5749.0
510011263,868.0,1172.0,265.0,2763.0
510011264,859.0,1161.0,262.0,1413.0
510011265,906.0,1217.0,276.0,2932.0
510011266,867.0,1170.0,265.0,906.0
510021267,863.0,1166.0,264.0,2318.0
510021268,1449.0,1865.0,426.0,1662.0
510021269,1758.0,2233.0,512.0,1668.0
510021270,1240.0,1616.0,368.0,4332.0
510031271,1358.0,1757.0,401.0,2898.0
510031272,1901.0,2404.0,551.0,6672.0
510031273,1312.0,1701.0,388.0,2034.0
511011274,1543.0,1977.0,452.0,4707.0
511011275,1738.0,2210.0,506.0,1555.0
511021276,1009.0,1340.0,304.0,1913.0
511021277,1342.0,1737.0,396.0,1827.0
511031278,1324.0,1716.0,392.0,2804.0
511031279,1758.0,2233.0,512.0,5182.0
511031280,1914.0,2420.0,555.0,3416.0
511031282,1020.0,1353.0,307.0,1721.0
511031283,868.0,1171.0,265.0,1884.0
511041285,976.0,1300.0,295.0,4662.0
511041286,1489.0,1912.0,437.0,3068.0
511041287,1952.0,2466.0,566.0,3351.0
511041288,1914.0,2420.0,555.0,4052.0
511041289,1449.0,1865.0,426.0,1443.0
511041290,896.0,1205.0,273.0,1236.0
511041291,1449.0,1865.0,426.0,1520.0
511041292,1582.0,2023.0,463.0,2227.0
601011001,875.0,1180.0,267.0,3196.0
601011002,1718.0,2186.0,501.0,2529.0
601011003,2025.0,2553.0,586.0,1956.0
601021004,1358.0,1757.0,401.0,2558.0
601021005,2233.0,2801.0,644.0,3362.0
601021006,1693.0,2156.0,494.0,1354.0
601021007,1848.0,2341.0,537.0,4560.0
601021008,1532.0,1964.0,449.0,3071.0
601021009,925.0,1240.0,281.0,2027.0
601021010,959.0,1280.0,290.0,1373.0
601021011,962.0,1284.0,291.0,3088.0
601021012,2176.0,2733.0,628.0,1810.0
601031013,1812.0,2298.0,527.0,1685.0
601031014,1086.0,1431.0,325.0,2254.0
601031015,1027.0,1361.0,309.0,3293.0
601031016,949.0,1268.0,287.0,1847.0
601031017,915.0,1227.0,278.0,4818.0
601031018,1207.0,1576.0,359.0,2016.0
601031019,988.0,1315.0,298.0,2250.0
601031020,1046.0,1384.0,314.0,2860.0
601031021,1040.0,1377.0,313.0,1725.0
601041022,1358.0,1757.0,401.0,5284.0
601041023,1880.0,2379.0,546.0,4334.0
601041024,1974.0,2491.0,572.0,3326.0
601041026,1974.0,2491.0,572.0,1426.0
601051027,967.0,1290.0,293.0,3539.0
601051028,1615.0,2063.0,472.0,3542.0
601051029,1532.0,1964.0,449.0,1982.0
601051030,1159.0,1519.0,346.0,2591.0
601051031,1479.0,1901.0,435.0,4834.0
601051032,1461.0,1879.0,429.0,2638.0
601051033,1461.0,1879.0,429.0,2509.0
601061034,1582.0,2023.0,463.0,3342.0
601061035,1552.0,1987.0,455.0,3919.0
602011036,896.0,1205.0,273.0,1372.0
602011037,1079.0,1423.0,323.0,1938.0
602011038,1151.0,1509.0,343.0,2126.0
602011039,1893.0,2394.0,549.0,1870.0
602011040,893.0,1201.0,272.0,1587.0
602011041,913.0,1225.0,277.0,3776.0
602011042,1358.0,1757.0,401.0,2137.0
602011043,1574.0,2014.0,461.0,1581.0
602011044,1449.0,1865.0,426.0,2658.0
602011045,873.0,1178.0,266.0,1492.0
602011046,1563.0,2001.0,458.0,2853.0
602011047,1016.0,1348.0,306.0,1900.0
602011048,1250.0,1627.0,371.0,1944.0
602011049,1532.0,1964.0,449.0,1893.0
602011050,1079.0,1423.0,323.0,1542.0
602011051,1358.0,1757.0,401.0,1653.0
602011052,1522.0,1952.0,446.0,1930.0
602021053,1119.0,1471.0,335.0,1586.0
602021054,1306.0,1694.0,386.0,2398.0
602021055,1779.0,2259.0,518.0,2406.0
602021056,1701.0,2166.0,496.0,1414.0
602021057,1461.0,1879.0,429.0,1706.0
602031058,1958.0,2472.0,567.0,1707.0
602031059,998.0,1327.0,301.0,2791.0
602031060,1223.0,1595.0,363.0,1736.0
602031061,1183.0,1548.0,352.0,1451.0
602031062,1686.0,2148.0,492.0,2150.0
602031064,1074.0,1417.0,322.0,2649.0
602031099,1135.0,1490.0,339.0,362.0
602031100,1240.0,1616.0,368.0,2680.0
603011065,1175.0,1538.0,350.0,952.0
603011066,1522.0,1952.0,446.0,1304.0
603011067,1603.0,2049.0,469.0,2618.0
603021069,1718.0,2186.0,501.0,1352.0
603021070,1336.0,1730.0,395.0,1883.0
603021071,1291.0,1676.0,382.0,1589.0
603021072,1625.0,2075.0,475.0,3688.0
603031073,1151.0,1509.0,343.0,1017.0
603031074,1281.0,1665.0,380.0,1956.0
604011075,910.0,1222.0,277.0,1282.0
604011076,1829.0,2319.0,532.0,2029.0
604011077,936.0,1252.0,284.0,1482.0
604011078,1040.0,1377.0,313.0,2658.0
604011079,1563.0,2001.0,458.0,2124.0
604011080,1223.0,1595.0,363.0,1386.0
604011081,1054.0,1394.0,317.0,1595.0
604011082,1095.0,1443.0,328.0,2780.0
604011083,1070.0,1412.0,321.0,1771.0
604011084,1079.0,1423.0,323.0,2505.0
604021085,969.0,1292.0,293.0,5679.0
604021086,916.0,1229.0,278.0,1990.0
604021087,1250.0,1627.0,371.0,2112.0
604021088,1669.0,2128.0,487.0,1436.0
604021089,1563.0,2001.0,458.0,2538.0
604021090,1803.0,2288.0,525.0,1222.0
604021091,1471.0,1891.0,432.0,2596.0
604021092,1803.0,2288.0,525.0,1364.0
604031093,1479.0,1901.0,435.0,634.0
604031094,1522.0,1952.0,446.0,1642.0
604031095,1119.0,1471.0,335.0,1543.0
604031096,1563.0,2001.0,458.0,1507.0
604031097,945.0,1264.0,286.0,1673.0
701011002,1040.0,1377.0,313.0,2804.0
701011004,1507.0,1934.0,442.0,1413.0
701011005,1441.0,1855.0,424.0,1546.0
701011006,1065.0,1407.0,320.0,1005.0
701011007,1274.0,1656.0,378.0,1105.0
701011008,1428.0,1840.0,420.0,1608.0
701011009,1947.0,2459.0,564.0,1121.0
701021010,1274.0,1656.0,378.0,815.0
701021011,1632.0,2084.0,477.0,935.0
701021012,1386.0,1790.0,409.0,671.0
701021013,1718.0,2186.0,501.0,1345.0
701021016,949.0,1268.0,287.0,1134.0
701021017,1625.0,2075.0,475.0,8.0
701021018,1821.0,2308.0,529.0,722.0
701021019,1114.0,1465.0,333.0,1884.0
701021020,1803.0,2288.0,525.0,1803.0
701021021,2270.0,2845.0,654.0,2355.0
701021022,1151.0,1509.0,343.0,1702.0
701021023,1091.0,1438.0,327.0,1010.0
701021024,1522.0,1952.0,446.0,784.0
701021025,1348.0,1745.0,398.0,1523.0
701021026,1371.0,1772.0,405.0,1279.0
701021027,1379.0,1781.0,407.0,985.0
701021028,1223.0,1595.0,363.0,793.0
701021029,1796.0,2279.0,522.0,720.0
701021030,1693.0,2156.0,494.0,984.0
701031031,2102.0,2644.0,607.0,2000.0
701031032,2236.0,2804.0,644.0,3289.0
701031034,1947.0,2459.0,564.0,1254.0
701031035,1829.0,2319.0,532.0,1682.0
701041036,1324.0,1716.0,392.0,1212.0
701041037,1159.0,1519.0,346.0,1077.0
701041038,2116.0,2660.0,611.0,1765.0
701041039,916.0,1229.0,278.0,1232.0
701041040,921.0,1235.0,280.0,1197.0
701041041,1914.0,2420.0,555.0,1747.0
701041042,2031.0,2560.0,588.0,2530.0
701041043,1829.0,2319.0,532.0,2571.0
701041044,1175.0,1538.0,350.0,1245.0
702011045,1095.0,1443.0,328.0,1653.0
702011046,1070.0,1412.0,321.0,2125.0
702011047,1234.0,1608.0,366.0,1798.0
702011048,1348.0,1745.0,398.0,1947.0
702011049,1386.0,1790.0,409.0,1578.0
702011050,869.0,1173.0,265.0,769.0
702011051,1371.0,1772.0,405.0,1061.0
702011052,860.0,1162.0,263.0,1534.0
702011053,857.0,1158.0,262.0,1113.0
702011054,859.0,1161.0,262.0,726.0
702021055,864.0,1167.0,264.0,864.0
702021056,873.0,1178.0,266.0,1208.0
702031057,974.0,1298.0,294.0,1664.0
702031058,862.0,1165.0,263.0,741.0
702031059,851.0,1152.0,260.0,831.0
702031060,855.0,1156.0,261.0,921.0
702031061,851.0,1151.0,260.0,2041.0
702041062,865.0,1168.0,264.0,996.0
702041063,853.0,1154.0,261.0,2738.0
702041064,1414.0,1824.0,417.0,1281.0
702051065,861.0,1163.0,263.0,895.0
702051066,854.0,1155.0,261.0,1643.0
702051067,1050.0,1388.0,315.0,3787.0
702051068,856.0,1157.0,262.0,1023.0
801011001,2297.0,2877.0,661.0,1022.0
801011002,962.0,1284.0,291.0,3334.0
801011003,1522.0,1952.0,446.0,2949.0
801011004,1318.0,1709.0,390.0,1198.0
801011005,1886.0,2387.0,548.0,1163.0
801011006,2183.0,2741.0,630.0,2849.0
801011007,2072.0,2608.0,599.0,2169.0
801011008,1499.0,1925.0,440.0,1875.0
801011009,2211.0,2774.0,637.0,1440.0
801011010,2240.0,2809.0,646.0,834.0
801011011,2102.0,2644.0,607.0,1322.0
801011013,2025.0,2553.0,586.0,1180.0
801011014,1838.0,2330.0,534.0,1302.0
801011015,1532.0,1964.0,449.0,2207.0
801011016,1982.0,2501.0,574.0,3009.0
801011017,1857.0,2352.0,539.0,1477.0
801011018,1574.0,2014.0,461.0,1074.0
801011019,1901.0,2404.0,551.0,2764.0
801011020,1348.0,1745.0,398.0,1217.0
801011021,2156.0,2709.0,622.0,1075.0
801011022,1990.0,2511.0,576.0,1327.0
801011023,1300.0,1687.0,385.0,1198.0
801011024,1499.0,1925.0,440.0,1204.0
801011025,2021.0,2547.0,585.0,1015.0
801011026,2348.0,2938.0,676.0,1096.0
801011143,2277.0,2853.0,656.0,280.0
801031031,1625.0,2075.0,475.0,155.0
801031113,890.0,1197.0,271.0,430.0
801031114,1060.0,1401.0,318.0,49.0
801031115,2248.0,2819.0,648.0,116.0
801041034,2136.0,2685.0,617.0,2404.0
801041035,2145.0,2695.0,619.0,2878.0
801041036,2211.0,2774.0,637.0,2538.0
801041037,2292.0,2871.0,660.0,1882.0
801041038,2387.0,2984.0,686.0,1739.0
801041039,1779.0,2259.0,518.0,2935.0
801041040,1434.0,1847.0,422.0,3367.0
801041043,2116.0,2660.0,611.0,117.0
801041044,2006.0,2530.0,581.0,3233.0
801041046,1821.0,2308.0,529.0,4297.0
801041047,2355.0,2946.0,677.0,2620.0
801041048,1866.0,2363.0,542.0,2188.0
801041118,1625.0,2075.0,475.0,279.0
801041120,2217.0,2782.0,639.0,2082.0
801041121,2204.0,2767.0,636.0,871.0
801041122,2376.0,2971.0,683.0,943.0
801051050,1738.0,2210.0,506.0,2108.0
801051051,1065.0,1407.0,320.0,2503.0
801051053,1031.0,1366.0,310.0,1896.0
801051054,1240.0,1616.0,368.0,1291.0
801051055,1563.0,2001.0,458.0,1685.0
801051056,2116.0,2660.0,611.0,1265.0
801051057,1175.0,1538.0,350.0,2236.0
801051058,1657.0,2114.0,484.0,2320.0
801051060,1190.0,1556.0,354.0,1753.0
801051061,1838.0,2330.0,534.0,2638.0
801051124,2053.0,2586.0,594.0,1799.0
801051125,1999.0,2521.0,579.0,774.0
801051127,1199.0,1567.0,357.0,605.0
801061062,2264.0,2837.0,652.0,1225.0
801061063,2240.0,2809.0,646.0,716.0
801061064,1933.0,2443.0,560.0,2089.0
801061067,1669.0,2128.0,487.0,2531.0
801061069,2362.0,2955.0,680.0,1234.0
801061070,2254.0,2826.0,650.0,1224.0
801061129,1701.0,2166.0,496.0,763.0
801061130,1625.0,2075.0,475.0,20.0
801061131,1479.0,1901.0,435.0,2580.0
801071071,2096.0,2638.0,606.0,2000.0
801071072,1880.0,2379.0,546.0,1505.0
801071073,2176.0,2733.0,628.0,2247.0
801071074,1958.0,2472.0,567.0,2066.0
801071075,2162.0,2716.0,624.0,2003.0
801071076,2387.0,2985.0,687.0,1179.0
801071077,2085.0,2624.0,603.0,1061.0
801071078,2061.0,2595.0,596.0,3095.0
801071079,2229.0,2796.0,643.0,1231.0
801071080,1223.0,1595.0,363.0,1619.0
801071081,1958.0,2472.0,567.0,1698.0
801071082,1941.0,2452.0,563.0,6145.0
801071083,2345.0,2934.0,675.0,551.0
801071084,2013.0,2538.0,583.0,2213.0
801071086,1965.0,2481.0,569.0,668.0
801071087,1552.0,1987.0,455.0,1199.0
801071088,2072.0,2608.0,599.0,1489.0
801071089,2372.0,2966.0,682.0,17.0
801071090,1999.0,2521.0,579.0,3092.0
801081091,2367.0,2960.0,681.0,1124.0
801081092,2217.0,2782.0,639.0,1331.0
801081093,2038.0,2568.0,590.0,1262.0
801081094,2038.0,2568.0,590.0,1104.0
801081095,1769.0,2246.0,515.0,1315.0
801081096,1974.0,2491.0,572.0,859.0
801081097,1803.0,2288.0,525.0,1092.0
801081098,2038.0,2568.0,590.0,1569.0
801091099,1769.0,2246.0,515.0,1051.0
801091100,2204.0,2767.0,636.0,2184.0
801091101,2264.0,2837.0,652.0,1485.0
801091102,2116.0,2660.0,611.0,1453.0
801091103,2211.0,2774.0,637.0,1259.0
801091104,2211.0,2774.0,637.0,933.0
801091105,1434.0,1847.0,422.0,1283.0
801091106,1657.0,2114.0,484.0,1349.0
801091107,2398.0,2998.0,689.0,364.0
801091108,2025.0,2553.0,586.0,1054.0
801091109,1108.0,1458.0,332.0,2038.0
801091110,2116.0,2660.0,611.0,951.0
801101135,2045.0,2576.0,591.0,1902.0
801101136,2385.0,2982.0,686.0,1082.0
801101139,2176.0,2733.0,628.0,1493.0
801111140,2348.0,2938.0,676.0,218.0
801111141,1164.0,1525.0,347.0,25.0
901011001,1151.0,1509.0,343.0,664.0
901021002,1421.0,1832.0,418.0,233.0
901031003,877.0,1182.0,267.0,122.0
901041004,1371.0,1772.0,405.0,858.0
